"EventPasserID","EventReceiverID","TotalPlays","TotalDirect","TotalIndirect","ActualCompletions","ExpectedCompletions","CompletionsAboveExpected","ChemistryRate","ActualCompletionRate","ExpectedCompletionRate","DirectActualCompletions","DirectExpectedCompletions","DirectCompletionsAboveExpected","DirectChemistryRate","DirectActualCompRate","DirectExpectedCompRate","IndirectActualCompletions","IndirectExpectedCompletions","IndirectCompletionsAboveExpected","IndirectChemistryRate","IndirectActualCompRate","IndirectExpectedCompRate"
"Team D84","Team D51",28,25,3,28,24.4197083603545,3.58029163964553,0.127867558558769,1,0.872132441441231,25,21.9159172643368,3.08408273566317,0.123363309426527,1,0.876636690573473,3,2.50379109601765,0.496208903982355,0.165402967994118,1,0.834597032005882
"Team D51","Team D84",20,13,7,20,16.4505019931533,3.54949800684669,0.177474900342334,1,0.822525099657666,13,10.9759230677092,2.02407693229081,0.155698225560832,1,0.844301774439168,7,5.47457892544413,1.52542107455587,0.217917296365125,1,0.782082703634875
"Team A92","Team A29",22,14,8,20,16.6546401874264,3.34535981257357,0.152061809662435,0.909090909090909,0.757029099428474,12,10.7680101085747,1.23198989142527,0.0879992779589477,0.857142857142857,0.769143579183909,8,5.8866300788517,2.1133699211483,0.264171240143538,1,0.735828759856462
"Team L29","Team L17",9,7,2,9,5.80612276228459,3.19387723771541,0.354875248635045,1,0.645124751364955,7,4.41663239384732,2.58336760615268,0.369052515164669,1,0.630947484835331,2,1.38949036843728,0.610509631562724,0.305254815781362,1,0.694745184218638
"Team D88","Team D52",19,15,4,19,15.8988146894791,3.10118531052089,0.163220279501099,1,0.8367797204989,15,12.8067709842422,2.19322901575781,0.146215267717187,1,0.853784732282813,4,3.09204370523692,0.907956294763081,0.22698907369077,1,0.77301092630923
"Team C11","Team C18",10,10,0,10,7.42969827807845,2.57030172192155,0.257030172192155,1,0.742969827807845,10,7.42969827807845,2.57030172192155,0.257030172192155,1,0.742969827807845,0,0,0,NA,NA,NA
"Team D52","Team D88",16,12,4,16,13.7970604008334,2.20293959916664,0.137683724947915,1,0.862316275052085,12,10.5461217519747,1.45387824802527,0.121156520668773,1,0.878843479331227,4,3.25093864885864,0.749061351141362,0.18726533778534,1,0.81273466221466
"Team C6","Team C15",14,11,3,13,10.8989420937945,2.10105790620549,0.150075564728963,0.928571428571429,0.778495863842465,10,8.8457039433499,1.1542960566501,0.104936005150009,0.909090909090909,0.8041549039409,3,2.05323815044461,0.946761849555391,0.31558728318513,1,0.68441271681487
"Team D59","Team D37",10,9,1,10,8.01163283330286,1.98836716669714,0.198836716669714,1,0.801163283330286,9,7.25608869606203,1.74391130393797,0.193767922659774,1,0.806232077340226,1,0.755544137240829,0.244455862759171,0.244455862759171,1,0.755544137240829
"Team D51","Team D28",14,10,4,12,10.0527970651724,1.94720293482761,0.139085923916258,0.857142857142857,0.718056933226599,8,7.29322132169856,0.706778678301444,0.0706778678301444,0.8,0.729322132169856,4,2.75957574347383,1.24042425652617,0.310106064131542,1,0.689893935868458
"Team K","Team K78",8,5,3,8,6.12602186520194,1.87397813479806,0.234247266849758,1,0.765752733150242,5,3.89295687993809,1.10704312006191,0.221408624012382,1,0.778591375987618,3,2.23306498526385,0.76693501473615,0.25564500491205,1,0.74435499508795
"Team D42","Team D36",21,16,5,19,17.2246444653502,1.77535553464983,0.0845407397452301,0.904761904761905,0.820221165016675,14,13.3351372887999,0.664862711200081,0.0415539194500051,0.875,0.833446080549995,5,3.88950717655025,1.11049282344975,0.222098564689951,1,0.777901435310049
"Team C37","Team C26",10,7,3,10,8.232364840853,1.767635159147,0.1767635159147,1,0.8232364840853,7,5.84539214501551,1.15460785498449,0.164943979283499,1,0.835056020716501,3,2.38697269583749,0.613027304162506,0.204342434720835,1,0.795657565279165
"Team D36","Team D28",9,5,4,8,6.23749302724968,1.76250697275032,0.195834108083369,0.888888888888889,0.69305478080552,4,3.46115383238324,0.538846167616763,0.107769233523353,0.8,0.692230766476647,4,2.77633919486644,1.22366080513356,0.305915201283389,1,0.694084798716611
"Team A20","Team A21",7,5,2,7,5.25142400008052,1.74857599991948,0.249796571417068,1,0.750203428582932,5,3.83589362751806,1.16410637248194,0.232821274496388,1,0.767178725503612,2,1.41553037256246,0.584469627437537,0.292234813718768,1,0.707765186281232
"Team L25","Team L16",8,8,0,8,6.28621123100043,1.71378876899957,0.214223596124946,1,0.785776403875054,8,6.28621123100043,1.71378876899957,0.214223596124946,1,0.785776403875054,0,0,0,NA,NA,NA
"Team A45","Team A72",10,5,5,10,8.32046468615256,1.67953531384744,0.167953531384744,1,0.832046468615256,5,4.69291483745504,0.307085162544958,0.0614170325089916,1,0.938582967491008,5,3.62754984869751,1.37245015130249,0.274490030260497,1,0.725509969739503
"Team L10","Team L24",9,5,4,9,7.40131701697997,1.59868298302003,0.177631442557782,1,0.822368557442218,5,4.33144454324201,0.668555456757994,0.133711091351599,1,0.866288908648401,4,3.06987247373796,0.93012752626204,0.23253188156551,1,0.76746811843449
"Team F29","Team F18",9,7,2,9,7.42220701702481,1.57779298297519,0.175310331441687,1,0.824689668558312,7,6.0114193221321,0.988580677867901,0.141225811123986,1,0.858774188876014,2,1.41078769489271,0.589212305107286,0.294606152553643,1,0.705393847446357
"Team A29","Team A48",10,6,4,9,7.43952272899412,1.56047727100588,0.156047727100588,0.9,0.743952272899412,5,4.30567076947995,0.694329230520053,0.115721538420009,0.833333333333333,0.717611794913325,4,3.13385195951417,0.866148040485828,0.216537010121457,1,0.783462989878543
"Team C29","Team C15",10,10,0,10,8.45324271472624,1.54675728527376,0.154675728527376,1,0.845324271472623,10,8.45324271472624,1.54675728527376,0.154675728527376,1,0.845324271472623,0,0,0,NA,NA,NA
"Team L20","Team L24",8,7,1,8,6.46205561672573,1.53794438327427,0.192243047909284,1,0.807756952090716,7,5.68913077470147,1.31086922529853,0.187267032185504,1,0.812732967814496,1,0.772924842024257,0.227075157975743,0.227075157975743,1,0.772924842024257
"Team A90","Team A48",7,5,2,7,5.49174148221451,1.50825851778549,0.215465502540784,1,0.784534497459216,5,3.95259321839282,1.04740678160718,0.209481356321437,1,0.790518643678563,2,1.5391482638217,0.460851736178304,0.230425868089152,1,0.769574131910848
"Team A48","Team A39",13,11,2,13,11.4936153956993,1.50638460430068,0.11587573879236,1,0.88412426120764,11,9.85185427756833,1.14814572243167,0.104376883857424,1,0.895623116142576,2,1.64176111813099,0.35823888186901,0.179119440934505,1,0.820880559065495
"Team L29","Team L4",12,11,1,12,10.5095774382663,1.49042256173373,0.124201880144478,1,0.875798119855522,11,9.78345212158204,1.21654787841796,0.11059526167436,1,0.88940473832564,1,0.726125316684225,0.273874683315775,0.273874683315775,1,0.726125316684225
"Team A39","Team A48",10,8,2,10,8.51404717058264,1.48595282941736,0.148595282941736,1,0.851404717058264,8,7.0103806802067,0.989619319793303,0.123702414974163,1,0.876297585025837,2,1.50366649037594,0.496333509624056,0.248166754812028,1,0.751833245187972
"Team D51","Team D42",20,15,5,18,16.5253222713184,1.47467772868163,0.0737338864340813,0.9,0.826266113565919,13,12.5259106167503,0.474089383249716,0.0316059588833144,0.866666666666667,0.835060707783352,5,3.99941165456809,1.00058834543191,0.200117669086382,1,0.799882330913618
"Team A17","Team A71",8,5,3,7,5.52721739349115,1.47278260650885,0.184097825813607,0.875,0.690902174186393,5,3.38757130435465,1.61242869564535,0.322485739129071,1,0.677514260870929,2,2.1396460891365,-0.139646089136499,-0.0465486963788332,0.666666666666667,0.7132153630455
"Team A29","Team A92",13,8,5,11,9.54527799706023,1.45472200293977,0.111901692533828,0.846153846153846,0.734252153620018,7,6.03244832921343,0.967551670786566,0.120943958848321,0.875,0.754056041151679,4,3.5128296678468,0.487170332153202,0.0974340664306404,0.8,0.70256593356936
"Team A59","Team A88",9,6,3,9,7.55850894632519,1.44149105367481,0.160165672630535,1,0.839834327369465,6,5.11182196567148,0.888178034328524,0.148029672388087,1,0.851970327611913,3,2.44668698065371,0.553313019346288,0.184437673115429,1,0.815562326884571
"Team D74","Team D78",7,3,4,7,5.62435597883774,1.37564402116226,0.196520574451751,1,0.803479425548249,3,2.68452087690729,0.315479123092705,0.105159707697568,1,0.894840292302432,4,2.93983510193045,1.06016489806955,0.265041224517388,1,0.734958775482612
"Team D84","Team D42",10,7,3,9,7.65593032126027,1.34406967873973,0.134406967873973,0.9,0.765593032126027,6,5.25933584292285,0.740664157077151,0.105809165296736,0.857142857142857,0.751333691846121,3,2.39659447833743,0.603405521662575,0.201135173887525,1,0.798864826112475
"Team I4","Team I37",8,4,4,8,6.66487972533861,1.33512027466139,0.166890034332673,1,0.833109965667327,4,3.66886259636997,0.331137403630033,0.0827843509075082,1,0.917215649092492,4,2.99601712896865,1.00398287103135,0.250995717757838,1,0.749004282242162
"Team K25","Team K58",7,4,3,7,5.6672466330997,1.3327533669003,0.190393338128614,1,0.809606661871386,4,3.49455332088482,0.505446679115177,0.126361669778794,1,0.873638330221206,3,2.17269331221488,0.827306687785121,0.275768895928374,1,0.724231104071626
"Team D52","Team D75",7,6,1,7,5.67987521057581,1.32012478942419,0.188589255632028,1,0.811410744367972,6,4.99556482161641,1.00443517838359,0.167405863063932,1,0.832594136936068,1,0.684310388959399,0.315689611040601,0.315689611040601,1,0.684310388959399
"Team K23","Team K14",10,9,1,10,8.70527377302328,1.29472622697672,0.129472622697672,1,0.870527377302328,9,8.04934983694525,0.950650163054751,0.105627795894972,1,0.894372204105028,1,0.65592393607803,0.34407606392197,0.34407606392197,1,0.65592393607803
"Team G11","Team G44",7,5,2,6,4.70541006695635,1.29458993304365,0.184941419006235,0.857142857142857,0.672201438136622,4,3.44835269707668,0.55164730292332,0.110329460584664,0.8,0.689670539415336,2,1.25705736987967,0.742942630120327,0.371471315060163,1,0.628528684939837
"Team I","Team I22",8,4,4,8,6.70661063379397,1.29338936620603,0.161673670775754,1,0.838326329224246,4,3.67327743620375,0.326722563796253,0.0816806409490634,1,0.918319359050937,4,3.03333319759022,0.966666802409777,0.241666700602444,1,0.758333299397556
"Team K62","Team K14",11,7,4,10,8.72739050571615,1.27260949428385,0.115691772207623,0.909090909090909,0.793399136883286,6,5.59079017946684,0.409209820533157,0.058458545790451,0.857142857142857,0.798684311352406,4,3.13660032624931,0.863399673750694,0.215849918437674,1,0.784150081562326
"Team A29","Team A72",7,6,1,7,5.73742065004009,1.26257934995991,0.180368478565701,1,0.819631521434299,6,5.03838777796915,0.961612222030855,0.160268703671809,1,0.839731296328191,1,0.699032872070948,0.300967127929052,0.300967127929052,1,0.699032872070948
"Team AGo","Team A48",10,4,6,10,8.73797003303985,1.26202996696015,0.126202996696015,1,0.873797003303985,4,3.4804447945597,0.519555205440298,0.129888801360075,1,0.870111198639925,6,5.25752523848015,0.742474761519855,0.123745793586642,1,0.876254206413357
"Team A48","Team A20",11,4,7,9,7.73891632078004,1.26108367921996,0.114643970838178,0.818181818181818,0.70353784734364,4,2.98293131574982,1.01706868425018,0.254267171062546,1,0.745732828937454,5,4.75598500503023,0.244014994969772,0.0348592849956818,0.714285714285714,0.679426429290032
"Team A29","Team A46",8,2,6,7,5.77209429669261,1.22790570330739,0.153488212913423,0.875,0.721511787086577,2,1.72510775609013,0.274892243909873,0.137446121954937,1,0.862553878045063,5,4.04698654060249,0.953013459397513,0.158835576566252,0.833333333333333,0.674497756767081
"Team C26","Team C29",13,13,0,13,11.8203184054815,1.17968159451848,0.0907447380398828,1,0.909255261960117,13,11.8203184054815,1.17968159451848,0.0907447380398828,1,0.909255261960117,0,0,0,NA,NA,NA
"Team H32","Team H34",7,6,1,7,5.8214708725049,1.1785291274951,0.168361303927871,1,0.831638696072129,6,5.03407547051335,0.965924529486651,0.160987421581109,1,0.839012578418891,1,0.787395401991553,0.212604598008447,0.212604598008447,1,0.787395401991553
"Team B58","Team B34",12,11,1,12,10.8238245914562,1.17617540854378,0.0980146173786484,1,0.901985382621352,11,10.0535292430805,0.946470756919465,0.0860427960835878,1,0.913957203916412,1,0.770295348375686,0.229704651624314,0.229704651624314,1,0.770295348375686
"Team H13","Team H20",8,7,1,7,5.83954291039166,1.16045708960834,0.145057136201043,0.875,0.729942863798957,6,5.06263034425039,0.937369655749615,0.133909950821374,0.857142857142857,0.723232906321484,1,0.776912566141272,0.223087433858728,0.223087433858728,1,0.776912566141272
"Team F18","Team F29",8,6,2,8,6.85181911918628,1.14818088081372,0.143522610101715,1,0.856477389898285,6,5.12562677210607,0.874373227893925,0.145728871315654,1,0.854271128684346,2,1.72619234708021,0.273807652919794,0.136903826459897,1,0.863096173540103
"Team F6","Team F23",7,1,6,7,5.85428281791535,1.14571718208465,0.16367388315495,1,0.83632611684505,1,0.945697914087659,0.0543020859123406,0.0543020859123406,1,0.945697914087659,6,4.90858490382769,1.09141509617231,0.181902516028718,1,0.818097483971282
"Team B58","Team B86",11,11,0,11,9.86360797412642,1.13639202587358,0.103308365988508,1,0.896691634011492,11,9.86360797412642,1.13639202587358,0.103308365988508,1,0.896691634011492,0,0,0,NA,NA,NA
"Team D63","Team D12",9,7,2,8,6.87144619165933,1.12855380834067,0.125394867593407,0.888888888888889,0.763494021295481,6,5.57050766537382,0.429492334626175,0.0613560478037393,0.857142857142857,0.795786809339118,2,1.30093852628551,0.699061473714492,0.349530736857246,1,0.650469263142754
"Team D50","Team D25",8,3,5,7,5.87457101910348,1.12542898089652,0.140678622612065,0.875,0.734321377387935,2,2.36495179278343,-0.364951792783426,-0.121650597594475,0.666666666666667,0.788317264261142,5,3.50961922632006,1.49038077367994,0.298076154735989,1,0.701923845264011
"Team L4","Team L29",11,9,2,10,8.88754598909122,1.11245401090878,0.101132182809889,0.909090909090909,0.80795872628102,8,7.47582221788151,0.524177782118488,0.0582419757909431,0.888888888888889,0.830646913097946,2,1.41172377120971,0.588276228790288,0.294138114395144,1,0.705861885604856
"Team A72","Team A3",12,11,1,11,9.93167733289538,1.06832266710462,0.0890268889253848,0.916666666666667,0.827639777741282,10,9.42921521004531,0.570784789954686,0.0518895263595169,0.909090909090909,0.857201382731392,1,0.502462122850069,0.497537877149931,0.497537877149931,1,0.502462122850069
"Team A29","Team A45",7,4,3,7,6.02209475096075,0.977905249039245,0.139700749862749,1,0.860299250137251,4,3.68017573434875,0.319824265651252,0.0799560664128129,1,0.920043933587187,3,2.34191901661201,0.658080983387993,0.219360327795998,1,0.780639672204002
"Team C48","Team C18",8,7,1,8,7.06752477016868,0.932475229831316,0.116559403728914,1,0.883440596271086,7,6.30330072447276,0.696699275527243,0.0995284679324634,1,0.900471532067537,1,0.764224045695928,0.235775954304072,0.235775954304072,1,0.764224045695928
"Team D51","Team D77",16,10,6,14,13.0687887213184,0.93121127868163,0.0582007049176019,0.875,0.816799295082398,8,8.53942298833984,-0.539422988339844,-0.0539422988339844,0.8,0.853942298833984,6,4.52936573297853,1.47063426702147,0.245105711170246,1,0.754894288829754
"Team K76","Team K62",7,6,1,7,6.0697117470772,0.930288252922796,0.132898321846114,1,0.867101678153886,6,5.21103031076368,0.788969689236319,0.131494948206053,1,0.868505051793947,1,0.858681436313523,0.141318563686477,0.141318563686477,1,0.858681436313523
"Team K45","Team K68",7,1,6,6,5.09174526973589,0.908254730264109,0.129750675752016,0.857142857142857,0.727392181390842,1,0.69401026313052,0.30598973686948,0.30598973686948,1,0.69401026313052,5,4.39773500660537,0.602264993394629,0.100377498899105,0.833333333333333,0.732955834434229
"Team A29","Team A52",7,5,2,6,5.11741728341733,0.882582716582673,0.126083245226096,0.857142857142857,0.731059611916761,4,3.58366354029839,0.416336459701613,0.0832672919403226,0.8,0.716732708059677,2,1.53375374311894,0.46624625688106,0.23312312844053,1,0.76687687155947
"Team A88","Team A92",8,6,2,7,6.16240541529904,0.837594584700962,0.10469932308762,0.875,0.77030067691238,5,4.48067699742106,0.519323002578943,0.0865538337631572,0.833333333333333,0.746779499570176,2,1.68172841787798,0.318271582122018,0.159135791061009,1,0.840864208938991
"Team A3","Team A72",11,8,3,10,9.17964811520908,0.820351884790924,0.0745774440719022,0.909090909090909,0.834513465019007,8,7.11634773377228,0.883652266227718,0.110456533278465,1,0.889543466721535,2,2.06330038143679,-0.063300381436795,-0.0211001271455983,0.666666666666667,0.687766793812265
"Team LGo","Team L3",9,3,6,9,8.19973364282725,0.800266357172745,0.088918484130305,1,0.911081515869695,3,2.62257290995613,0.377427090043867,0.125809030014622,1,0.874190969985378,6,5.57716073287112,0.42283926712888,0.0704732111881466,1,0.929526788811853
"Team A72","Team A45",10,5,5,9,8.21288352236188,0.787116477638119,0.0787116477638119,0.9,0.821288352236188,4,4.42548257725296,-0.425482577252962,-0.0850965154505923,0.8,0.885096515450592,5,3.78740094510892,1.21259905489108,0.242519810978216,1,0.757480189021784
"Team K23","Team K62",13,11,2,12,11.2225149297743,0.777485070225664,0.0598065438635126,0.923076923076923,0.86327037921341,11,9.85992555486764,1.14007444513236,0.103643131375669,1,0.896356868624331,1,1.36258937490669,-0.362589374906691,-0.181294687453345,0.5,0.681294687453345
"Team D52","Team D84",7,6,1,7,6.22718977434471,0.772810225655293,0.110401460807899,1,0.889598539192101,6,5.42926412092067,0.570735879079326,0.095122646513221,1,0.904877353486779,1,0.797925653424032,0.202074346575968,0.202074346575968,1,0.797925653424032
"Team L20","Team L17",9,4,5,7,6.24090864700719,0.759091352992809,0.0843434836658677,0.777777777777778,0.69343429411191,2,2.80709475005527,-0.807094750055272,-0.201773687513818,0.5,0.701773687513818,5,3.43381389695192,1.56618610304808,0.313237220609616,1,0.686762779390384
"Team AGo","Team A45",8,4,4,8,7.24459803843174,0.755401961568264,0.094425245196033,1,0.905574754803967,4,3.63910571936591,0.360894280634095,0.0902235701585237,1,0.909776429841476,4,3.60549231906583,0.394507680934169,0.0986269202335424,1,0.901373079766458
"Team L3","Team L47",8,8,0,8,7.24971930354097,0.750280696459031,0.0937850870573789,1,0.906214912942621,8,7.24971930354097,0.750280696459031,0.0937850870573789,1,0.906214912942621,0,0,0,NA,NA,NA
"Team K","Team K25",7,4,3,6,5.25150970903248,0.748490290967515,0.106927184423931,0.857142857142857,0.750215672718926,3,3.22137857303003,-0.221378573030034,-0.0553446432575084,0.75,0.805344643257508,3,2.03013113600245,0.969868863997549,0.323289621332516,1,0.676710378667484
"Team D84","Team D52",7,6,1,7,6.25638502212074,0.743614977879261,0.106230711125609,1,0.893769288874391,6,5.44529896580526,0.55470103419474,0.09245017236579,1,0.90754982763421,1,0.811086056315479,0.188913943684521,0.188913943684521,1,0.811086056315479
"Team L21","Team L47",7,6,1,7,6.26297400743,0.737025992570003,0.10528942751,1,0.89471057249,6,5.48504485316575,0.514955146834248,0.0858258578057081,1,0.914174142194292,1,0.777929154264245,0.222070845735755,0.222070845735755,1,0.777929154264245
"Team A48","Team A17",7,2,5,6,5.27370830248164,0.726291697518358,0.103755956788337,0.857142857142857,0.75338690035452,1,1.31524239243767,-0.315242392437672,-0.157621196218836,0.5,0.657621196218836,5,3.95846591004397,1.04153408995603,0.208306817991206,1,0.791693182008794
"Team L17","Team L20",8,5,3,7,6.31203089231957,0.687969107680432,0.0859961384600541,0.875,0.789003861539946,4,4.01301683651095,-0.0130168365109515,-0.00260336730219031,0.8,0.80260336730219,3,2.29901405580862,0.700985944191384,0.233661981397128,1,0.766338018602872
"Team AGo","Team A59",7,2,5,7,6.31601865043103,0.683981349568967,0.0977116213669953,1,0.902288378633005,2,1.87592624073243,0.12407375926757,0.0620368796337852,1,0.937963120366215,5,4.4400924096986,0.559907590301396,0.111981518060279,1,0.888018481939721
"Team D84","Team D12",11,7,4,10,9.36354744380145,0.636452556198545,0.0578593232907768,0.909090909090909,0.851231585800132,7,6.25902062199768,0.74097937800232,0.105854196857474,1,0.894145803142526,3,3.10452682180378,-0.104526821803776,-0.026131705450944,0.75,0.776131705450944
"Team L4","Team L20",7,3,4,6,5.37963270934282,0.620367290657178,0.0886238986653112,0.857142857142857,0.768518958477546,2,2.46796348831045,-0.467963488310452,-0.155987829436817,0.666666666666667,0.822654496103484,4,2.91166922103237,1.08833077896763,0.272082694741908,1,0.727917305258092
"Team L28","Team L36",7,4,3,6,5.38517672059245,0.614823279407552,0.0878318970582217,0.857142857142857,0.769310960084636,3,3.1395772990083,-0.139577299008298,-0.0348943247520744,0.75,0.784894324752074,3,2.24559942158415,0.75440057841585,0.25146685947195,1,0.74853314052805
"Team F18","Team F10",7,4,3,6,5.38770380172332,0.612296198276685,0.0874708854680978,0.857142857142857,0.769671971674759,3,3.25725032665894,-0.257250326658938,-0.0643125816647345,0.75,0.814312581664735,3,2.13045347506438,0.869546524935622,0.289848841645207,1,0.710151158354793
"Team A92","Team A72",9,4,5,8,7.40319527148927,0.596804728510731,0.0663116365011923,0.888888888888889,0.822577252387697,3,3.43495147945344,-0.434951479453438,-0.108737869863359,0.75,0.858737869863359,5,3.96824379203583,1.03175620796417,0.206351241592834,1,0.793648758407166
"Team D42","Team D51",12,11,1,11,10.4079612764351,0.59203872356492,0.0493365602970767,0.916666666666667,0.86733010636959,10,9.86581245309534,0.134187546904665,0.012198867900424,0.909090909090909,0.896892041190485,1,0.542148823339745,0.457851176660255,0.457851176660255,1,0.542148823339745
"Team B78","Team B17",9,5,4,7,6.40990703891199,0.590092961088007,0.0655658845653341,0.777777777777778,0.712211893212444,4,3.66411220877685,0.33588779122315,0.0671775582446299,0.8,0.73282244175537,3,2.74579483013514,0.254205169864857,0.0635512924662143,0.75,0.686448707533786
"Team A48","Team A29",14,10,4,12,11.4129630006629,0.587036999337119,0.0419312142383657,0.857142857142857,0.815211642904491,8,8.1774212795766,-0.177421279576595,-0.0177421279576595,0.8,0.81774212795766,4,3.23554172108628,0.764458278913716,0.191114569728429,1,0.808885430271571
"Team F42","Team F22",10,7,3,9,8.48615584323076,0.51384415676924,0.051384415676924,0.9,0.848615584323076,7,6.12896503411047,0.871034965889534,0.124433566555648,1,0.875566433444352,2,2.35719080912029,-0.357190809120294,-0.119063603040098,0.666666666666667,0.785730269706765
"Team L3","Team L17",13,12,1,11,10.5126435080741,0.487356491925892,0.0374889609173763,0.846153846153846,0.80866488523647,10,9.73457532820037,0.265424671799632,0.0221187226499694,0.833333333333333,0.811214610683364,1,0.77806817987374,0.22193182012626,0.22193182012626,1,0.77806817987374
"Team D51","Team D12",7,4,3,6,5.52095370484802,0.479046295151976,0.0684351850217109,0.857142857142857,0.788707672121146,4,3.04444849154133,0.955551508458675,0.238887877114669,1,0.761112122885331,2,2.4765052133067,-0.476505213306698,-0.158835071102233,0.666666666666667,0.825501737768899
"Team K14","Team K23",10,9,1,9,8.53743827676859,0.462561723231412,0.0462561723231412,0.9,0.853743827676859,9,7.82125993874969,1.17874006125031,0.130971117916702,1,0.869028882083298,0,0.716178338018902,-0.716178338018902,-0.716178338018902,0,0.716178338018902
"Team A45","Team A39",7,5,2,6,5.57151803490825,0.428481965091752,0.0612117092988217,0.857142857142857,0.795931147844035,4,4.09888071441043,-0.0988807144104289,-0.0197761428820858,0.8,0.819776142882086,2,1.47263732049782,0.52736267950218,0.26368133975109,1,0.73631866024891
"Team A59","Team A92",7,5,2,6,5.58730305093698,0.412696949063024,0.0589567070090034,0.857142857142857,0.798186150133854,4,4.05671308097913,-0.0567130809791276,-0.0113426161958255,0.8,0.811342616195825,2,1.53058996995785,0.469410030042152,0.234705015021076,1,0.765294984978924
"Team K42","Team KNA",8,7,1,7,6.60322443310185,0.396775566898146,0.0495969458622683,0.875,0.825403054137732,6,5.91222042998128,0.0877795700187249,0.0125399385741036,0.857142857142857,0.844602918568754,1,0.691004003120578,0.308995996879422,0.308995996879422,1,0.691004003120578
"Team K14","Team K22",9,8,1,7,6.60486661343053,0.395133386569466,0.0439037096188295,0.777777777777778,0.733874068158948,6,5.77179332005876,0.228206679941245,0.0285258349926556,0.75,0.721474165007344,1,0.83307329337178,0.16692670662822,0.16692670662822,1,0.83307329337178
"Team A45","Team A92",13,9,4,11,10.6051286992247,0.394871300775275,0.0303747154442519,0.846153846153846,0.815779130709594,7,7.34145781256323,-0.341457812563232,-0.0379397569514702,0.777777777777778,0.815717534729248,4,3.26367088666149,0.736329113338507,0.184082278334627,1,0.815917721665373
"Team A45","Team A29",12,9,3,10,9.61744370364899,0.382556296351011,0.0318796913625842,0.833333333333333,0.801453641970749,7,7.52368032441797,-0.523680324417965,-0.0581867027131072,0.777777777777778,0.835964480490885,3,2.09376337923102,0.906236620768975,0.302078873589658,1,0.697921126410342
"Team D28","Team D46",13,10,3,10,9.62129201545963,0.378707984540368,0.0291313834261821,0.769230769230769,0.740099385804587,9,7.66551619632107,1.33448380367893,0.133448380367893,0.9,0.766551619632107,1,1.95577581913856,-0.95577581913856,-0.318591939712853,0.333333333333333,0.651925273046187
"Team K","Team K42",10,9,1,9,8.63638873231648,0.363611267683519,0.0363611267683519,0.9,0.863638873231648,8,7.80235934088281,0.197640659117192,0.0219600732352435,0.888888888888889,0.866928815653645,1,0.834029391433672,0.165970608566328,0.165970608566328,1,0.834029391433672
"Team L4","Team L17",10,9,1,9,8.64042073052739,0.359579269472606,0.0359579269472606,0.9,0.864042073052739,8,7.87506780687902,0.124932193120983,0.0138813547912204,0.888888888888889,0.875007534097669,1,0.765352923648377,0.234647076351623,0.234647076351623,1,0.765352923648377
"Team A92","Team A45",7,5,2,6,5.65287039643027,0.347129603569734,0.0495899433671049,0.857142857142857,0.807552913775752,4,4.1378687633654,-0.137868763365397,-0.0275737526730794,0.8,0.827573752673079,2,1.51500163306487,0.484998366935132,0.242499183467566,1,0.757500816532434
"Team B21","Team B8",12,8,4,10,9.65592690175996,0.344073098240036,0.0286727581866697,0.833333333333333,0.804660575146664,7,6.80249672226406,0.197503277735936,0.024687909716992,0.875,0.850312090283008,3,2.8534301794959,0.1465698205041,0.0366424551260249,0.75,0.713357544873975
"Team K78","Team K62",11,5,6,9,8.65813820631194,0.341861793688057,0.0310783448807325,0.818181818181818,0.787103473301086,3,3.87910352802879,-0.879103528028787,-0.175820705605757,0.6,0.775820705605757,6,4.77903467828316,1.22096532171684,0.203494220286141,1,0.796505779713859
"Team A39","Team A92",7,5,2,6,5.66535426710646,0.334645732893541,0.0478065332705059,0.857142857142857,0.809336323872351,5,4.08480635962768,0.915193640372324,0.183038728074465,1,0.816961271925535,1,1.58054790747878,-0.580547907478782,-0.290273953739391,0.5,0.790273953739391
"Team L47","Team L25",7,7,0,6,5.66703300538591,0.33296699461409,0.0475667135162985,0.857142857142857,0.809576143626559,6,5.66703300538591,0.33296699461409,0.0475667135162985,0.857142857142857,0.809576143626559,0,0,0,NA,NA,NA
"Team A52","Team A48",7,6,1,6,5.66940292009879,0.330597079901215,0.0472281542716021,0.857142857142857,0.809914702871255,5,4.94714979212085,0.0528502078791488,0.00880836797985814,0.833333333333333,0.824524965353475,1,0.722253127977934,0.277746872022066,0.277746872022066,1,0.722253127977934
"Team KGo","Team K23",8,5,3,7,6.68177326271437,0.318226737285631,0.0397783421607039,0.875,0.835221657839296,4,4.28839175645409,-0.288391756454086,-0.0576783512908172,0.8,0.857678351290817,3,2.39338150626028,0.606618493739717,0.202206164579906,1,0.797793835420094
"Team D36","Team D51",11,9,2,10,9.69442400574065,0.305575994259348,0.0277796358417589,0.909090909090909,0.88131127324915,9,8.09017967681645,0.909820323183549,0.101091147020394,1,0.898908852979606,1,1.6042443289242,-0.604244328924201,-0.3021221644621,0.5,0.8021221644621
"Team E6","Team E7",8,6,2,7,6.71818243630105,0.281817563698946,0.0352271954623682,0.875,0.839772804537632,5,5.32690839992606,-0.326908399926057,-0.0544847333210095,0.833333333333333,0.887818066654343,2,1.391274036375,0.608725963625003,0.304362981812501,1,0.695637018187499
"Team A5","Team A48",7,4,3,6,5.7299645504858,0.270035449514199,0.0385764927877427,0.857142857142857,0.818566364355114,3,3.50673938045006,-0.506739380450065,-0.126684845112516,0.75,0.876684845112516,3,2.22322517003574,0.776774829964264,0.258924943321421,1,0.741075056678579
"Team L47","Team L21",10,10,0,9,8.73829815586498,0.261701844135022,0.0261701844135022,0.9,0.873829815586498,9,8.73829815586498,0.261701844135022,0.0261701844135022,0.9,0.873829815586498,0,0,0,NA,NA,NA
"Team L24","Team L10",11,8,3,10,9.77427999361881,0.225720006381188,0.020520000580108,0.909090909090909,0.888570908510801,8,7.42540008727058,0.574599912729416,0.071824989091177,1,0.928175010908823,2,2.34887990634823,-0.348879906348228,-0.116293302116076,0.666666666666667,0.782959968782743
"Team I19","Team I56",8,5,3,7,6.77440732060915,0.225592679390846,0.0281990849238558,0.875,0.846800915076144,4,4.33310195121181,-0.333101951211811,-0.0666203902423621,0.8,0.866620390242362,3,2.44130536939734,0.558694630602657,0.186231543534219,1,0.813768456465781
"Team K62","Team K25",7,5,2,6,5.78434712641746,0.215652873582539,0.0308075533689342,0.857142857142857,0.826335303773923,4,4.34621919078041,-0.346219190780406,-0.0692438381560812,0.8,0.869243838156081,2,1.43812793563705,0.561872064362946,0.280936032181473,1,0.719063967818527
"Team C26","Team C15",10,8,2,9,8.79251442978514,0.207485570214859,0.0207485570214859,0.9,0.879251442978514,8,7.25608171267308,0.743918287326916,0.0929897859158645,1,0.907010214084136,1,1.53643271711206,-0.536432717112057,-0.268216358556029,0.5,0.768216358556029
"Team D28","Team D36",11,7,4,8,7.80115802947289,0.198841970527112,0.018076542775192,0.727272727272727,0.709196184497535,5,4.88182600321653,0.118173996783473,0.0168819995404962,0.714285714285714,0.697403714745218,3,2.91933202625636,0.0806679737436387,0.0201669934359097,0.75,0.72983300656409
"Team L24","Team L20",7,5,2,6,5.81835704134512,0.181642958654884,0.0259489940935548,0.857142857142857,0.831193863049302,5,4.28277390086404,0.717226099135961,0.143445219827192,1,0.856554780172808,1,1.53558314048108,-0.535583140481077,-0.267791570240538,0.5,0.767791570240538
"Team K14","Team K78",8,6,2,7,6.83814590505792,0.16185409494208,0.02023176186776,0.875,0.85476823813224,5,5.23160439904625,-0.23160439904625,-0.038600733174375,0.833333333333333,0.871934066507708,2,1.60654150601167,0.39345849398833,0.196729246994165,1,0.803270753005835
"Team H3","Team H17",7,7,0,6,5.8672033420186,0.1327966579814,0.0189709511402,0.857142857142857,0.838171906002657,6,5.8672033420186,0.1327966579814,0.0189709511402,0.857142857142857,0.838171906002657,0,0,0,NA,NA,NA
"Team E15","Team E18",11,9,2,10,9.87172228686105,0.128277713138946,0.0116616102853587,0.909090909090909,0.89742929880555,9,8.30714764041262,0.692852359587384,0.0769835955097093,1,0.923016404490291,1,1.56457464644844,-0.564574646448439,-0.28228732322422,0.5,0.78228732322422
"Team C6","Team C29",8,6,2,7,6.87742650488115,0.122573495118854,0.0153216868898568,0.875,0.859678313110143,5,5.41213749046154,-0.412137490461543,-0.0686895817435905,0.833333333333333,0.902022915076924,2,1.4652890144196,0.534710985580397,0.267355492790198,1,0.732644507209802
"Team I21","Team I11",10,6,4,6,5.88168531796222,0.118314682037776,0.0118314682037776,0.6,0.588168531796222,2,3.10969666319878,-1.10969666319878,-0.184949443866464,0.333333333333333,0.518282777199797,4,2.77198865476344,1.22801134523656,0.307002836309139,1,0.692997163690861
"Team A15","Team A46",9,6,3,6,5.88567820344104,0.114321796558964,0.0127024218398849,0.666666666666667,0.653964244826782,5,3.79000697696251,1.20999302303749,0.201665503839581,0.833333333333333,0.631667829493752,1,2.09567122647852,-1.09567122647852,-0.365223742159508,0.333333333333333,0.698557075492841
"Team I56","Team I93",8,7,1,7,6.89341502229141,0.106584977708595,0.0133231222135743,0.875,0.861676877786426,6,6.21165743745325,-0.211657437453253,-0.0302367767790361,0.857142857142857,0.887379633921893,1,0.681757584838152,0.318242415161848,0.318242415161848,1,0.681757584838152
"Team L25","Team L3",7,6,1,5,4.92512553925614,0.0748744607438603,0.0106963515348372,0.714285714285714,0.703589362750877,4,4.13861541031657,-0.138615410316572,-0.0231025683860953,0.666666666666667,0.689769235052762,1,0.786510128939569,0.213489871060431,0.213489871060431,1,0.786510128939569
"Team K78","Team K25",7,5,2,5,4.94786796462339,0.052132035376613,0.00744743362523043,0.714285714285714,0.706838280660484,4,3.73886413631313,0.261135863686874,0.0522271727373749,0.8,0.747772827262625,1,1.20900382831026,-0.209003828310261,-0.10450191415513,0.5,0.60450191415513
"Team G5","Team G27",13,8,5,11,10.9626834140517,0.037316585948302,0.00287050661140785,0.846153846153846,0.843283339542438,7,7.27172513363256,-0.271725133632559,-0.0339656417040699,0.875,0.90896564170407,4,3.69095828041914,0.309041719580861,0.0618083439161723,0.8,0.738191656083828
"Team D42","Team D77",14,10,4,10,9.9690171270415,0.0309828729585018,0.0022130623541787,0.714285714285714,0.712072651931536,6,6.94461129198874,-0.944611291988741,-0.0944611291988741,0.6,0.694461129198874,4,3.02440583505276,0.975594164947243,0.243898541236811,1,0.756101458763189
"Team I56","Team I3",7,4,3,6,5.99083537566277,0.0091646243372292,0.0013092320481756,0.857142857142857,0.855833625094682,4,3.58367160199318,0.416328398006818,0.104082099501705,1,0.895917900498295,2,2.40716377366959,-0.407163773669589,-0.135721257889863,0.666666666666667,0.80238792455653
"Team D46","Team D28",7,4,3,5,5.0065726300423,-0.00657263004230035,-0.00093894714890005,0.714285714285714,0.715224661434614,3,3.21976587799164,-0.219765877991642,-0.0549414694979106,0.75,0.804941469497911,2,1.78680675205066,0.213193247949342,0.071064415983114,0.666666666666667,0.595602250683553
"Team L4","Team L25",11,10,1,9,9.01887776353317,-0.0188777635331672,-0.00171616032119702,0.818181818181818,0.819897978503015,8,8.19867516793804,-0.198675167938037,-0.0198675167938037,0.8,0.819867516793804,1,0.82020259559513,0.17979740440487,0.17979740440487,1,0.82020259559513
"Team C26","Team C37",11,6,5,9,9.02302127607263,-0.0230212760726278,-0.0020928432793298,0.818181818181818,0.820274661461148,6,5.25955530381447,0.74044469618553,0.123407449364255,1,0.876592550635745,3,3.76346597225816,-0.763465972258158,-0.152693194451632,0.6,0.752693194451632
"Team K62","Team K76",9,6,3,7,7.03398082956665,-0.0339808295666479,-0.00377564772962755,0.777777777777778,0.781553425507405,4,4.67502348393725,-0.675023483937245,-0.112503913989541,0.666666666666667,0.779170580656208,3,2.3589573456294,0.641042654370598,0.213680884790199,1,0.786319115209801
"Team B34","Team B58",9,8,1,8,8.0618975337485,-0.0618975337484979,-0.0068775037498331,0.888888888888889,0.895766392638722,7,7.26693225944235,-0.266932259442354,-0.0333665324302943,0.875,0.908366532430294,1,0.794965274306145,0.205034725693855,0.205034725693855,1,0.794965274306145
"Team D51","Team D36",16,11,5,13,13.1166897683307,-0.116689768330728,-0.0072931105206705,0.8125,0.81979311052067,9,9.43099455348399,-0.430994553483991,-0.0391813230439992,0.818181818181818,0.857363141225817,4,3.68569521484674,0.314304785153263,0.0628609570306526,0.8,0.737139042969347
"Team D84","Team D36",7,2,5,5,5.18814610891658,-0.18814610891658,-0.0268780155595115,0.714285714285714,0.741163729845226,1,1.41936673692102,-0.41936673692102,-0.20968336846051,0.5,0.70968336846051,4,3.76877937199556,0.23122062800444,0.0462441256008879,0.8,0.753755874399112
"Team K42","Team K92",7,5,2,5,5.2448814651799,-0.244881465179901,-0.0349830664542716,0.714285714285714,0.749268780739986,3,3.77101071063856,-0.771010710638564,-0.154202142127713,0.6,0.754202142127713,2,1.47387075454134,0.526129245458663,0.263064622729332,1,0.736935377270668
"Team C15","Team C29",9,8,1,7,7.25824390228305,-0.258243902283047,-0.0286937669203385,0.777777777777778,0.806471544698116,6,6.52033176811138,-0.520331768111378,-0.0650414710139222,0.75,0.815041471013922,1,0.73791213417167,0.26208786582833,0.26208786582833,1,0.73791213417167
"Team D37","Team D63",7,5,2,5,5.26724339509613,-0.267243395096129,-0.0381776278708755,0.714285714285714,0.75246334215659,3,3.60033205185074,-0.600332051850741,-0.120066410370148,0.6,0.720066410370148,2,1.66691134324539,0.333088656754613,0.166544328377306,1,0.833455671622694
"Team A48","Team A9",7,4,3,5,5.26923966122749,-0.269239661227489,-0.0384628087467842,0.714285714285714,0.752748523032499,2,3.2257975646123,-1.2257975646123,-0.306449391153076,0.5,0.806449391153076,3,2.04344209661519,0.956557903384814,0.318852634461605,1,0.681147365538395
"Team L3","Team L20",9,7,2,7,7.30725610182811,-0.307256101828113,-0.0341395668697903,0.777777777777778,0.811917344647568,5,5.83792506832338,-0.837925068323377,-0.119703581189054,0.714285714285714,0.833989295474768,2,1.46933103350474,0.530668966495264,0.265334483247632,1,0.734665516752368
"Team B27","Team B45",11,6,5,9,9.34250198353003,-0.342501983530026,-0.0311365439572751,0.818181818181818,0.849318362139093,5,5.17050459606117,-0.17050459606117,-0.0284174326768616,0.833333333333333,0.861750766010195,4,4.17199738746886,-0.171997387468856,-0.0343994774937713,0.8,0.834399477493771
"Team A20","Team A52",7,6,1,5,5.34713758134617,-0.347137581346172,-0.0495910830494532,0.714285714285714,0.763876797335167,4,4.60928783084303,-0.609287830843035,-0.101547971807172,0.666666666666667,0.768214638473839,1,0.737849750503138,0.262150249496862,0.262150249496862,1,0.737849750503138
"Team F38","Team F27",10,6,4,7,7.36381909471939,-0.363819094719391,-0.0363819094719391,0.7,0.736381909471939,4,4.53702527857835,-0.537025278578355,-0.0895042130963925,0.666666666666667,0.756170879763059,3,2.82679381614104,0.173206183858964,0.0433015459647411,0.75,0.706698454035259
"Team D36","Team D42",10,10,0,7,7.37871717759816,-0.378717177598158,-0.0378717177598158,0.7,0.737871717759816,7,7.37871717759816,-0.378717177598158,-0.0378717177598158,0.7,0.737871717759816,0,0,0,NA,NA,NA
"Team B17","Team B26",7,5,2,5,5.41375524347233,-0.41375524347233,-0.0591078919246185,0.714285714285714,0.773393606210333,5,3.98811281628999,1.01188718371001,0.202377436742001,1,0.797622563257999,0,1.42564242718234,-1.42564242718234,-0.712821213591168,0,0.712821213591168
"Team F42","Team F18",8,5,3,6,6.45381180414227,-0.453811804142271,-0.0567264755177839,0.75,0.806726475517784,4,4.11501352638966,-0.115013526389657,-0.0230027052779313,0.8,0.823002705277931,2,2.33879827775261,-0.338798277752615,-0.112932759250872,0.666666666666667,0.779599425917538
"Team A21","Team A20",9,5,4,6,6.4647791580403,-0.464779158040303,-0.0516421286711447,0.666666666666667,0.718308795337811,4,3.61649037316225,0.383509626837748,0.0767019253675497,0.8,0.72329807463245,2,2.84828878487805,-0.848288784878052,-0.212072196219513,0.5,0.712072196219513
"Team D77","Team D42",10,8,2,7,7.47032816568822,-0.470328165688222,-0.0470328165688222,0.7,0.747032816568822,5,5.93789630465144,-0.937896304651438,-0.11723703808143,0.625,0.74223703808143,2,1.53243186103678,0.467568138963216,0.233784069481608,1,0.766215930518392
"Team D25","Team D59",7,6,1,5,5.48066488594444,-0.480664885944437,-0.0686664122777767,0.714285714285714,0.782952126563491,4,4.61465064290645,-0.614650642906453,-0.102441773817742,0.666666666666667,0.769108440484409,1,0.866014243037985,0.133985756962015,0.133985756962015,1,0.866014243037985
"Team F46","Team F29",7,5,2,5,5.48238221887803,-0.482382218878028,-0.068911745554004,0.714285714285714,0.783197459839718,3,4.14443883077763,-1.14443883077763,-0.228887766155526,0.6,0.828887766155526,2,1.3379433881004,0.662056611899603,0.331028305949802,1,0.668971694050198
"Team F10","Team F46",7,6,1,5,5.48432694874319,-0.484326948743194,-0.0691895641061706,0.714285714285714,0.783475278391885,4,4.72350769780214,-0.72350769780214,-0.120584616300357,0.666666666666667,0.787251282967023,1,0.760819250941055,0.239180749058945,0.239180749058945,1,0.760819250941055
"Team D25","Team D37",10,7,3,7,7.53808771363554,-0.538087713635539,-0.0538087713635539,0.7,0.753808771363554,6,5.60563773882601,0.394362261173988,0.0563374658819983,0.857142857142857,0.800805391260859,1,1.93244997480953,-0.932449974809527,-0.310816658269842,0.333333333333333,0.644149991603176
"Team B71","Team B81",9,6,3,6,6.55203407285777,-0.552034072857769,-0.0613371192064187,0.666666666666667,0.728003785873085,4,4.22128593615491,-0.221285936154908,-0.0368809893591514,0.666666666666667,0.703547656025818,2,2.33074813670286,-0.330748136702861,-0.110249378900954,0.666666666666667,0.77691604556762
"Team C15","Team C6",13,9,4,10,10.5559497496706,-0.55594974967058,-0.0427653653592754,0.769230769230769,0.811996134590045,8,7.63334104255323,0.366658957446773,0.0407398841607525,0.888888888888889,0.848149004728136,2,2.92260870711735,-0.922608707117353,-0.230652176779338,0.5,0.730652176779338
"Team K23","Team K78",7,3,4,5,5.55730740650931,-0.557307406509306,-0.0796153437870437,0.714285714285714,0.793901058072758,3,2.48002136052106,0.519978639478945,0.173326213159648,1,0.826673786840352,2,3.07728604598825,-1.07728604598825,-0.269321511497063,0.5,0.769321511497063
"Team D25","Team D75",7,5,2,4,4.57406443352905,-0.574064433529046,-0.0820092047898638,0.571428571428571,0.653437776218435,2,3.15115332427407,-1.15115332427407,-0.230230664854815,0.4,0.630230664854815,2,1.42291110925497,0.577088890745028,0.288544445372514,1,0.711455554627486
"Team A48","Team A45",7,4,3,5,5.57440280545886,-0.574402805458861,-0.0820575436369801,0.714285714285714,0.796343257922694,4,3.51316583375663,0.48683416624337,0.121708541560842,1,0.878291458439158,1,2.06123697170223,-1.06123697170223,-0.353745657234077,0.333333333333333,0.68707899056741
"Team K14","Team K62",12,9,3,9,9.62859247631521,-0.628592476315209,-0.0523827063596007,0.75,0.802382706359601,6,7.38218592619134,-1.38218592619134,-0.15357621402126,0.666666666666667,0.820242880687927,3,2.24640655012387,0.753593449876134,0.251197816625378,1,0.748802183374622
"Team K","Team K67",9,4,5,6,6.63402162001576,-0.634021620015758,-0.0704468466684176,0.666666666666667,0.737113513335084,4,3.12190024197196,0.878099758028045,0.219524939507011,1,0.780475060492989,2,3.5121213780438,-1.5121213780438,-0.302424275608761,0.4,0.702424275608761
"Team I47","Team I65",7,5,2,5,5.66432231636745,-0.664322316367454,-0.0949031880524935,0.714285714285714,0.809188902338208,4,4.05251120534738,-0.05251120534738,-0.010502241069476,0.8,0.810502241069476,1,1.61181111102007,-0.611811111020074,-0.305905555510037,0.5,0.805905555510037
"Team D12","Team D36",11,9,2,7,7.69109690059813,-0.691096900598128,-0.0628269909634661,0.636363636363636,0.699190627327102,5,6.19591308633267,-1.19591308633267,-0.132879231814741,0.555555555555556,0.688434787370297,2,1.49518381426546,0.504816185734543,0.252408092867271,1,0.747591907132729
"Team D52","Team D12",8,4,4,5,5.69247594549996,-0.692475945499957,-0.0865594931874947,0.625,0.711559493187495,3,2.94891899743872,0.05108100256128,0.01277025064032,0.75,0.73722974935968,2,2.74355694806124,-0.743556948061237,-0.185889237015309,0.5,0.685889237015309
"Team B55","Team B58",7,5,2,5,5.69842132541344,-0.698421325413437,-0.0997744750590625,0.714285714285714,0.814060189344777,4,4.14276865048168,-0.142768650481676,-0.0285537300963352,0.8,0.828553730096335,1,1.55565267493176,-0.555652674931761,-0.27782633746588,0.5,0.77782633746588
"Team K92","Team K25",9,6,3,6,6.72790208978665,-0.727902089786645,-0.0808780099762939,0.666666666666667,0.747544676642961,4,4.6890552775906,-0.689055277590602,-0.1148425462651,0.666666666666667,0.781509212931767,2,2.03884681219604,-0.0388468121960432,-0.0129489373986811,0.666666666666667,0.679615604065348
"Team A90","Team A61",7,5,2,5,5.74691237837813,-0.746912378378125,-0.106701768339732,0.714285714285714,0.820987482625447,3,4.11588117613497,-1.11588117613497,-0.223176235226994,0.6,0.823176235226994,2,1.63103120224316,0.368968797756845,0.184484398878422,1,0.815515601121578
"Team D25","Team D50",7,6,1,4,4.78401956410208,-0.784019564102083,-0.112002794871726,0.571428571428571,0.683431366300298,4,4.15321977668107,-0.153219776681066,-0.0255366294468444,0.666666666666667,0.692203296113511,0,0.630799787421018,-0.630799787421018,-0.630799787421018,0,0.630799787421018
"Team I3","Team I56",7,4,3,5,5.81586837759935,-0.815868377599354,-0.116552625371336,0.714285714285714,0.830838339657051,4,3.48805734283474,0.511942657165264,0.127985664291316,1,0.872014335708684,1,2.32781103476462,-1.32781103476462,-0.442603678254873,0.333333333333333,0.775937011588206
"Team L8","Team L20",7,2,5,4,4.85228535668586,-0.852285356685863,-0.121755050955123,0.571428571428571,0.693183622383695,2,1.08008738147526,0.919912618524742,0.459956309262371,1,0.540043690737629,2,3.77219797521061,-1.77219797521061,-0.354439595042121,0.4,0.754439595042121
"Team L25","Team L21",7,7,0,5,5.86627111757636,-0.866271117576358,-0.123753016796623,0.714285714285714,0.838038731082337,5,5.86627111757636,-0.866271117576358,-0.123753016796623,0.714285714285714,0.838038731082337,0,0,0,NA,NA,NA
"Team A72","Team A52",7,4,3,5,5.95488724865174,-0.954887248651745,-0.136412464093106,0.714285714285714,0.850698178378821,3,3.62380719295386,-0.623807192953863,-0.155951798238466,0.75,0.905951798238466,2,2.33108005569788,-0.331080055697881,-0.11036001856596,0.666666666666667,0.777026685232627
"Team A48","Team A52",11,7,4,8,9.04132727775191,-1.04132727775191,-0.0946661161592643,0.727272727272727,0.821938843431992,6,6.06548385179153,-0.0654838517915275,-0.00935483597021821,0.857142857142857,0.866497693113075,2,2.97584342596038,-0.975843425960381,-0.243960856490095,0.5,0.743960856490095
"Team B8","Team B21",9,8,1,7,8.05971937087629,-1.05971937087629,-0.117746596764033,0.777777777777778,0.89552437454181,6,7.14686237868721,-1.14686237868721,-0.143357797335901,0.75,0.893357797335901,1,0.912856992189084,0.0871430078109156,0.0871430078109156,1,0.912856992189084
"Team L36","Team L28",7,5,2,4,5.06161031182445,-1.06161031182445,-0.151658615974922,0.571428571428571,0.723087187403493,4,3.82054133858373,0.179458661416272,0.0358917322832545,0.8,0.764108267716746,0,1.24106897324073,-1.24106897324073,-0.620534486620363,0,0.620534486620363
"Team K62","Team K23",9,6,3,6,7.0822342115386,-1.0822342115386,-0.120248245726511,0.666666666666667,0.786914912393177,3,4.75110468183969,-1.75110468183969,-0.291850780306615,0.5,0.791850780306615,3,2.33112952969891,0.668870470301093,0.222956823433698,1,0.777043176566302
"Team A48","Team A46",20,14,6,13,14.1983579657904,-1.19835796579043,-0.0599178982895217,0.65,0.709917898289522,9,9.94374007870881,-0.94374007870881,-0.0674100056220579,0.642857142857143,0.710267148479201,4,4.25461788708162,-0.254617887081624,-0.042436314513604,0.666666666666667,0.709102981180271
"Team A92","Team A39",10,7,3,6,7.21189991732971,-1.21189991732971,-0.121189991732971,0.6,0.721189991732971,5,5.08153465886177,-0.0815346588617691,-0.0116478084088242,0.714285714285714,0.725933522694538,1,2.13036525846794,-1.13036525846794,-0.376788419489315,0.333333333333333,0.710121752822648
"Team A20","Team A92",10,8,2,5,6.21665333857126,-1.21665333857126,-0.121665333857126,0.5,0.621665333857126,4,5.00535140196809,-1.00535140196809,-0.125668925246011,0.5,0.625668925246011,1,1.21130193660318,-0.211301936603176,-0.105650968301588,0.5,0.605650968301588
"Team L3","Team L14",9,7,2,6,7.26869344334664,-1.26869344334664,-0.140965938149627,0.666666666666667,0.807632604816294,6,6.00435583206901,-0.00435583206900869,-0.000622261724144099,0.857142857142857,0.857765118867001,0,1.26433761127763,-1.26433761127763,-0.632168805638817,0,0.632168805638817
"Team J13","Team J43",7,3,4,4,5.30201399956394,-1.30201399956394,-0.186001999937706,0.571428571428571,0.757430571366277,1,2.09516559453506,-1.09516559453506,-0.365055198178352,0.333333333333333,0.698388531511685,3,3.20684840502889,-0.206848405028886,-0.0517121012572215,0.75,0.801712101257221
"Team D51","Team D46",10,4,6,6,7.31574280759467,-1.31574280759467,-0.131574280759467,0.6,0.731574280759467,2,2.99358989129509,-0.993589891295086,-0.248397472823771,0.5,0.748397472823771,4,4.32215291629958,-0.322152916299581,-0.0536921527165969,0.666666666666667,0.720358819383264
"Team D12","Team D37",7,5,2,4,5.32191557106535,-1.32191557106535,-0.188845081580764,0.571428571428571,0.760273653009335,3,4.02435623649002,-1.02435623649002,-0.204871247298004,0.6,0.804871247298004,1,1.29755933457533,-0.297559334575327,-0.148779667287664,0.5,0.648779667287664
"Team L34","Team L17",7,2,5,4,5.34323781786639,-1.34323781786639,-0.191891116838056,0.571428571428571,0.763319688266628,1,1.37429812446177,-0.374298124461768,-0.187149062230884,0.5,0.687149062230884,3,3.96893969340463,-0.968939693404627,-0.193787938680925,0.6,0.793787938680925
"Team A52","Team A29",8,7,1,5,6.37648241476175,-1.37648241476175,-0.172060301845219,0.625,0.797060301845219,4,5.55025593891346,-1.55025593891346,-0.221465134130495,0.571428571428571,0.792893705559066,1,0.826226475848289,0.173773524151711,0.173773524151711,1,0.826226475848289
"Team A45","Team A88",8,6,2,5,6.38546106530371,-1.38546106530371,-0.173182633162964,0.625,0.798182633162964,3,4.99277685821788,-1.99277685821788,-0.332129476369646,0.5,0.832129476369646,2,1.39268420708583,0.607315792914168,0.303657896457084,1,0.696342103542916
"Team A59","Team A72",7,2,5,4,5.39817541821557,-1.39817541821557,-0.199739345459367,0.571428571428571,0.771167916887939,2,1.88997383643354,0.110026163566462,0.0550130817832311,1,0.944986918216769,2,3.50820158178203,-1.50820158178203,-0.301640316356406,0.4,0.701640316356406
"Team C29","Team C6",9,8,1,6,7.4733364630935,-1.4733364630935,-0.163704051454833,0.666666666666667,0.8303707181215,5,6.55018256526387,-1.55018256526387,-0.193772820657984,0.625,0.818772820657984,1,0.923153897829623,0.0768461021703767,0.0768461021703767,1,0.923153897829623
"Team K62","Team K22",14,11,3,8,9.5328056301727,-1.5328056301727,-0.109486116440907,0.571428571428571,0.680914687869479,6,7.36269043858038,-1.36269043858038,-0.123880948961853,0.545454545454545,0.669335494416398,2,2.17011519159232,-0.170115191592319,-0.0567050638641063,0.666666666666667,0.723371730530773
"Team K14","Team K42",7,6,1,4,5.56554839492232,-1.56554839492232,-0.223649770703189,0.571428571428571,0.795078342131761,4,4.84470237231888,-0.844702372318881,-0.140783728719814,0.666666666666667,0.80745039538648,0,0.720846022603443,-0.720846022603443,-0.720846022603443,0,0.720846022603443
"Team D77","Team D75",9,4,5,5,6.57739681521752,-1.57739681521752,-0.175266312801946,0.555555555555556,0.730821868357502,3,3.05415767609808,-0.054157676098078,-0.0135394190245195,0.75,0.763539419024519,2,3.52323913911944,-1.52323913911944,-0.304647827823888,0.4,0.704647827823888
"Team A29","Team A39",9,4,5,5,6.65964130069945,-1.65964130069945,-0.184404588966605,0.555555555555556,0.739960144522161,3,3.13869721816351,-0.138697218163511,-0.0346743045408777,0.75,0.784674304540878,2,3.52094408253594,-1.52094408253594,-0.304188816507187,0.4,0.704188816507187
"Team D28","Team D51",8,5,3,5,6.67669880999958,-1.67669880999958,-0.209587351249947,0.625,0.834587351249947,2,4.32594816969953,-2.32594816969953,-0.465189633939906,0.4,0.865189633939906,3,2.35075064030005,0.649249359699951,0.216416453233317,1,0.783583546766683
"Team C19","Team C17",7,4,3,4,5.71088054281052,-1.71088054281052,-0.244411506115789,0.571428571428571,0.815840077544361,1,3.29624429920475,-2.29624429920475,-0.574061074801188,0.25,0.824061074801188,3,2.41463624360577,0.585363756394228,0.195121252131409,1,0.804878747868591
"Team L16","Team L21",13,12,1,8,9.87172201534823,-1.87172201534823,-0.143978616565249,0.615384615384615,0.759363231949864,7,9.09603112197191,-2.09603112197191,-0.174669260164326,0.583333333333333,0.758002593497659,1,0.775690893376328,0.224309106623672,0.224309106623672,1,0.775690893376328
"Team C15","Team C26",9,9,0,6,7.93205549948581,-1.93205549948581,-0.214672833276201,0.666666666666667,0.881339499942867,6,7.93205549948581,-1.93205549948581,-0.214672833276201,0.666666666666667,0.881339499942867,0,0,0,NA,NA,NA
"Team K14","Team K25",14,12,2,9,10.9679382818633,-1.96793828186328,-0.140567020133091,0.642857142857143,0.783424162990234,8,9.63361561160315,-1.63361561160315,-0.136134634300262,0.666666666666667,0.802801300966929,1,1.33432267026013,-0.334322670260132,-0.167161335130066,0.5,0.667161335130066
"Team A52","Team A21",12,6,6,7,8.98348217966246,-1.98348217966246,-0.165290181638538,0.583333333333333,0.748623514971872,5,4.74074168767478,0.259258312325222,0.0432097187208703,0.833333333333333,0.790123614612463,2,4.24274049198768,-2.24274049198768,-0.373790081997947,0.333333333333333,0.70712341533128
"Team D37","Team D59",10,8,2,5,6.98856643200698,-1.98856643200698,-0.198856643200698,0.5,0.698856643200698,5,5.54355919768894,-0.543559197688937,-0.0679448997111172,0.625,0.692944899711117,0,1.44500723431804,-1.44500723431804,-0.722503617159022,0,0.722503617159022
"Team D84","Team D46",12,9,3,8,10.0471651476937,-2.04716514769369,-0.170597095641141,0.666666666666667,0.837263762307808,7,7.82698593880771,-0.826985938807711,-0.0918873265341901,0.777777777777778,0.869665104311968,1,2.22017920888598,-1.22017920888598,-0.406726402961993,0.333333333333333,0.740059736295327
"Team A48","Team A92",10,3,7,5,7.12856873312847,-2.12856873312847,-0.212856873312847,0.5,0.712856873312847,2,2.21187835743091,-0.211878357430909,-0.0706261191436364,0.666666666666667,0.737292785810303,3,4.91669037569756,-1.91669037569756,-0.273812910813938,0.428571428571429,0.702384339385366
"Team A48","Team A14",7,4,3,3,5.17275411738552,-2.17275411738552,-0.310393445340789,0.428571428571429,0.738964873912218,2,3.01987655443984,-1.01987655443984,-0.254969138609961,0.5,0.754969138609961,1,2.15287756294568,-1.15287756294568,-0.384292520981893,0.333333333333333,0.717625854315227
"Team F21","Team F22",8,7,1,4,6.50871077659316,-2.50871077659316,-0.313588847074145,0.5,0.813588847074145,4,5.73830473255548,-1.73830473255548,-0.248329247507926,0.571428571428571,0.819757818936498,0,0.770406044037679,-0.770406044037679,-0.770406044037679,0,0.770406044037679
"Team K22","Team K62",13,12,1,7,9.55817470165751,-2.55817470165751,-0.19678266935827,0.538461538461538,0.735244207819808,6,8.71691831697095,-2.71691831697095,-0.226409859747579,0.5,0.726409859747579,1,0.841256384686561,0.158743615313439,0.158743615313439,1,0.841256384686561
"Team B81","Team B71",7,6,1,3,5.57462824768962,-2.57462824768962,-0.367804035384231,0.428571428571429,0.79637546395566,2,4.98970618437229,-2.98970618437229,-0.498284364062048,0.333333333333333,0.831617697395381,1,0.58492206331733,0.41507793668267,0.41507793668267,1,0.58492206331733
"Team D36","Team D12",14,11,3,6,8.63260839725352,-2.63260839725352,-0.18804345694668,0.428571428571429,0.616614885518108,6,6.9463274118401,-0.9463274118401,-0.0860297647127364,0.545454545454545,0.631484310167282,0,1.68628098541342,-1.68628098541342,-0.562093661804472,0,0.562093661804472
"Team L3","Team L36",8,4,4,3,5.82406253458485,-2.82406253458485,-0.353007816823106,0.375,0.728007816823106,2,3.01554848575684,-1.01554848575684,-0.253887121439211,0.5,0.753887121439211,1,2.808514048828,-1.808514048828,-0.452128512207001,0.25,0.702128512207001
"Team A45","Team A71",7,3,4,2,4.90677588219381,-2.90677588219381,-0.415253697456259,0.285714285714286,0.700967983170544,1,2.2842323390228,-1.2842323390228,-0.428077446340934,0.333333333333333,0.761410779674267,1,2.62254354317101,-1.62254354317101,-0.405635885792752,0.25,0.655635885792752
"Team K62","Team K78",12,10,2,6,9.35517111622196,-3.35517111622196,-0.279597593018497,0.5,0.779597593018497,5,7.68452883302994,-2.68452883302994,-0.268452883302994,0.5,0.768452883302994,1,1.67064228319202,-0.670642283192022,-0.335321141596011,0.5,0.835321141596011
