"f1_player_id","attempts","recoveries","xRecoveries","RAE","RAE_per_attempt","player_effect","success_rate","player_name","last_name","first_name","handed","birth_date","position_group","primary_position"
NA,4233,1446,1433.69105912109,12.3089408789131,0.00290785279445147,0.00290785279445146,0.341601700921332,NA,NA,NA,NA,NA,NA,NA
"23033c23-8f41-970b-8423-7c1eef91ab38",30,19,10.4223547614244,8.57764523857556,0.285921507952519,0.285921507952519,0.633333333333333,"Ratcliffe, Isaac","Ratcliffe","Isaac","L",1999-02-15,"F","LW"
"60a256f4-156e-1e04-ed00-29e7b5fc2243",32,18,11.0832521748008,6.91674782519922,0.216148369537476,0.216148369537476,0.5625,"Bourque, Gabriel","Bourque","Gabriel","L",1990-09-23,"F","LW"
"ebf31f99-7cf9-b77d-1a16-1da7f96aed4c",26,15,8.40900380956419,6.59099619043581,0.2534998534783,0.2534998534783,0.576923076923077,"Halonen, Brian","Halonen","Brian","R",1999-01-11,"F","F"
"eae0f98c-c856-b1d8-3723-60b369cbf5c9",34,18,11.5607986905858,6.43920130941424,0.189388273806301,0.189388273806301,0.529411764705882,"Hardman, Mike","Hardman","Mike","L",1999-02-05,"F","LW"
"efe32eee-dd5c-b72b-7da9-d193d8e04efc",31,16,10.2073890377618,5.79261096223815,0.186858418136715,0.186858418136715,0.516129032258065,"Klapka, Adam","Klapka","Adam","R",2000-09-14,"F","RW"
"a498fb15-dea2-c999-7f8c-63aa786b7bb7",36,17,11.3488117667546,5.6511882332454,0.156977450923483,0.156977450923483,0.472222222222222,"Gambardella, Joseph","Gambardella","Joseph","L",1993-12-01,"F","C"
"71bee4d1-8889-3ec6-e934-ef86eca81be9",25,14,8.63438369051444,5.36561630948556,0.214624652379422,0.214624652379422,0.56,"Walcott, Daniel","Walcott","Daniel","L",1994-02-19,"F","LW"
"8d839886-a557-ba77-cbae-bc2af117408e",36,17,11.6987896765721,5.3012103234279,0.147255842317442,0.147255842317442,0.472222222222222,"Teasdale, Joel","Teasdale","Joel","L",1999-03-11,"F","LW"
"1fe967f3-4573-d760-8359-eb0d9acc3756",27,15,9.74884189461729,5.25115810538271,0.194487337236397,0.194487337236397,0.555555555555556,"Wall, Kevin","Wall","Kevin","R",2000-02-01,"F","RW"
"2edb2923-a2c9-13d1-fa88-d6659c99b38e",38,18,13.1150406057712,4.88495939422883,0.128551563006022,0.128551563006022,0.473684210526316,"Malott, Jeff","Malott","Jeff","L",1996-08-07,"F","LW"
"a7b49f9f-e2f6-f3c2-9e38-58a8cafb36e2",27,14,9.15909566778479,4.84090433221521,0.179292753045008,0.179292753045008,0.518518518518518,"Afanasyev, Egor","Afanasyev","Egor","L",2001-01-23,"F","LW"
"93dd4a43-8051-720f-47cc-fa4250b969ed",31,15,10.3513138443486,4.64868615565138,0.149957617924238,0.149957617924238,0.483870967741935,"Cederqvist, Filip","Cederqvist","Filip","L",2000-08-23,"F","LW"
"a65308f1-5c3e-a5de-87e2-cead7d9f44a7",16,10,5.49614130702707,4.50385869297293,0.281491168310808,0.281491168310808,0.625,"Guenther, Dylan","Guenther","Dylan","R",2003-04-10,"F","RW"
"cce167f2-c8fd-27c9-a350-0a4931c5b132",31,15,10.5240683220735,4.4759316779265,0.144384892836339,0.144384892836339,0.483870967741935,"Megna, Jayson","Megna","Jayson","R",1990-02-01,"F","C"
"c8d33732-42a1-d13e-323a-6457dc42307a",21,12,7.52955430604893,4.47044569395107,0.212878366378622,0.212878366378622,0.571428571428571,"Richards, Justin","Richards","Justin","R",1998-03-17,"F","C"
"604d9f76-2548-d1b7-d7db-bbeccf411412",18,11,6.5520640761462,4.4479359238538,0.247107551325211,0.247107551325211,0.611111111111111,"Walker, Nathan","Walker","Nathan","L",1994-02-07,"F","LW"
"2b318d4d-2e7b-6d8c-98a7-7d85c71436c5",46,19,14.5778125825939,4.42218741740606,0.0961345090740448,0.0961345090740448,0.41304347826087,"Walker, Sammy","Walker","Sammy","R",1999-06-07,"F","F"
"d1008d47-7d9a-b5ce-a5c4-11335e021805",25,13,8.89277582699742,4.10722417300258,0.164288966920103,0.164288966920103,0.52,"McKegg, Greg","McKegg","Greg","L",1992-06-17,"F","F"
"64897768-18c0-5c24-3bc4-1137682f7c4f",26,13,8.97843577251956,4.02156422748044,0.154675547210786,0.154675547210786,0.5,"Felhaber, Tye","Felhaber","Tye","L",1998-08-05,"F","LW"
"5e97725c-294e-9f96-1be5-1960f6b93d17",16,9,5.26068302210853,3.73931697789147,0.233707311118217,0.233707311118217,0.5625,"Gallant, Alex","Gallant","Alex","L",1992-12-08,"F","LW"
"db07a598-848d-2552-6cca-9e1ecaa9fd45",23,11,7.45068439519677,3.54931560480323,0.154318069774053,0.154318069774053,0.478260869565217,"Kent Elson, Turner","Kent Elson","Turner","L",1992-09-13,"F","F"
"5801ee51-cb4c-15b8-3d9d-757bd846feae",26,12,8.58325628919512,3.41674371080488,0.131413219646341,0.131413219646341,0.461538461538462,"Tufte, Riley","Tufte","Riley","L",1998-04-10,"F","F"
"022e15e8-84c5-2103-7225-91ae7102aaa0",21,10,6.6045084463771,3.3954915536229,0.161690073982043,0.161690073982043,0.476190476190476,"Lysell, Fabian","Lysell","Fabian","R",2003-01-19,"F","RW"
"92a1bf87-e138-f25a-ebab-c92e182b701e",19,10,6.64582034389518,3.35417965610482,0.176535771373938,0.176535771373938,0.526315789473684,"Pilon, Garrett","Pilon","Garrett","R",1998-04-13,"F","C"
"c5c3387a-6e3e-1ae9-824c-315974f6414e",35,15,11.7961066547276,3.20389334527243,0.0915398098649267,0.0915398098649267,0.428571428571429,"Berard, Brett","Berard","Brett","L",2002-09-09,"F","F"
"392760f4-597a-e47c-633f-1b9d29568423",20,10,6.9527726285887,3.0472273714113,0.152361368570565,0.152361368570565,0.5,"Leschyshyn, Jake","Leschyshyn","Jake","L",1999-03-10,"F","C"
"f4d0b772-1f4e-66ba-7ed2-54024c2c659b",23,11,7.96472501828348,3.03527498171652,0.131968477465936,0.131968477465936,0.478260869565217,"Reichel, Kristian","Reichel","Kristian","R",1998-06-11,"F","F"
"585986b6-3712-2c35-2fca-81686469bf23",42,17,13.9745938446389,3.02540615536112,0.0720334798895504,0.0720334798895504,0.404761904761905,"Allison, Wade","Allison","Wade","R",1997-10-14,"F","F"
"1d2778e0-9709-3b32-491b-3b3f32c7bb09",32,14,11.003275504302,2.99672449569796,0.0936476404905614,0.0936476404905614,0.4375,"Gignac, Brandon","Gignac","Brandon","L",1997-11-07,"F","C"
"2fcd5eda-6ffa-3088-c189-0b3342a16345",31,13,10.0079444316442,2.99205556835578,0.0965179215598638,0.0965179215598639,0.419354838709677,"Fortier, Gabriel","Fortier","Gabriel","L",2000-02-06,"F","C"
"a4939932-d13e-4c1e-b534-699402d2888a",25,12,9.01653587157631,2.98346412842369,0.119338565136947,0.119338565136947,0.48,"Laczynski, Tanner","Laczynski","Tanner","R",1997-06-01,"F","F"
"579da99e-0b65-5601-e4eb-7bf837211c3f",16,8,5.10898514290622,2.89101485709378,0.180688428568361,0.180688428568361,0.5,"Morrison, Cameron","Morrison","Cameron","L",1998-08-27,"F","LW"
"663df049-a045-0561-16e3-1db633a0723e",31,13,10.1504948073784,2.84950519262158,0.0919195223426317,0.0919195223426317,0.419354838709677,"Aston-Reese, Zachary","Aston-Reese","Zachary","L",1994-08-10,"F","C"
"8885b7bb-ab37-274e-de67-e4e0cb571d11",31,13,10.1809933742931,2.81900662570693,0.0909356976034492,0.0909356976034493,0.419354838709677,"Farinacci, John","Farinacci","John","R",2001-02-14,"F","C"
"9c3292d5-92cc-3760-dada-631102753a82",25,12,9.20437644964526,2.79562355035474,0.11182494201419,0.11182494201419,0.48,"Poganski, Austin","Poganski","Austin","R",1996-02-16,"F","RW"
"321ccb94-26f9-bf52-17cf-db4a8b4d324d",23,11,8.23279935220958,2.76720064779042,0.120313071643062,0.120313071643062,0.478260869565217,"McCartney, Ben","McCartney","Ben","L",2001-07-13,"F","F"
"8cdcb61e-d733-bde6-a101-ef3140e48149",29,12,9.25520712543324,2.74479287456676,0.0946480301574744,0.0946480301574744,0.413793103448276,"L'Esperance, Joel","L'Esperance","Joel","R",1995-08-18,"F","RW"
"650eabdc-aab3-679a-03a2-d086646b86b9",29,13,10.3092409056807,2.69075909431928,0.0927847963558374,0.0927847963558374,0.448275862068966,"Pare, Cedric","Pare","Cedric","L",1999-01-24,"F","F"
"ad46103a-4d3e-9234-dee6-f970fd779e79",29,12,9.40371404761494,2.59628595238506,0.0895271018063814,0.0895271018063814,0.413793103448276,"Blidh, Anton","Blidh","Anton","L",1995-03-14,"F","F"
"dc5a9c10-c8d3-52bc-fd80-b7186f383b34",19,9,6.42862789861107,2.57137210138893,0.135335373757312,0.135335373757312,0.473684210526316,"McKown, Hunter","McKown","Hunter","R",2002-08-18,"F","C"
"9b4ee081-3050-ae6e-ca41-47d034838030",27,12,9.47432072291697,2.52567927708303,0.0935436769290011,0.0935436769290011,0.444444444444444,"Dach, Colton","Dach","Colton","L",2003-01-04,"F","C"
"6b15df6f-e4cb-a8f9-2f8f-1985efc31e8d",39,16,13.5099341043893,2.49006589561071,0.0638478434771978,0.0638478434771978,0.41025641025641,"Kubiak, Jeff","Kubiak","Jeff","L",1994-01-18,"F","F"
"dd036e87-28ae-a770-1287-111ca91925a2",16,8,5.68761177028924,2.31238822971076,0.144524264356922,0.144524264356922,0.5,"Hinostroza, Vinnie","Hinostroza","Vinnie","R",1994-04-03,"F","C"
"4b99d7b8-d6b5-992f-cfee-3024717ea00e",12,6,3.69331971596062,2.30668028403938,0.192223357003282,0.192223357003282,0.5,"Polin, Jason","Polin","Jason","R",1999-06-17,"F","F"
"ac8def35-7690-efa6-0e76-cb51ada82cf5",16,8,5.69823977062085,2.30176022937915,0.143860014336197,0.143860014336197,0.5,"Koivula, Otto","Koivula","Otto","L",1998-09-01,"F","C"
"4e110e5d-1ce8-74cf-5df3-63609c738785",33,13,10.7083424829176,2.29165751708241,0.0694441671843154,0.0694441671843155,0.393939393939394,"Gaudette, Adam","Gaudette","Adam","R",1996-10-03,"F","RW"
"79b63b9f-49dc-162b-951e-053b32088ce5",16,8,5.73584388888058,2.26415611111942,0.141509756944964,0.141509756944964,0.5,"Smallman, Spencer","Smallman","Spencer","R",1996-09-09,"F","C"
"561c6f7f-ceeb-36da-d6e4-f2586e2e8316",36,14,11.764170186041,2.23582981395898,0.0621063837210829,0.0621063837210829,0.388888888888889,"Ostapchuk, Zack","Ostapchuk","Zack","L",2003-05-29,"F","C"
"29bef5a1-cfab-3a79-60d0-9389a42a0e4a",49,18,15.7686056668146,2.23139433318541,0.0455386598609267,0.0455386598609267,0.36734693877551,"Cassels, Cole","Cassels","Cole","R",1995-05-04,"F","F"
"4b82112b-52bb-febc-3fbb-b51f3d1a7dd1",30,12,9.80472789568309,2.19527210431691,0.0731757368105637,0.0731757368105637,0.4,"Brind'Amour, Skyler","Brind'Amour","Skyler","L",1999-07-27,"F","C"
"9123cf74-4ebf-4134-8942-ac14445c836b",31,13,10.8205297093661,2.17947029063393,0.0703054932462558,0.0703054932462558,0.419354838709677,"Todd, Nathan","Todd","Nathan","R",1995-12-02,"F","F"
"a6b4086e-956a-6a17-e22c-83858e92ef99",43,16,13.8602380749417,2.13976192505828,0.0497619052339134,0.0497619052339134,0.372093023255814,"Condotta, Lucas","Condotta","Lucas","L",1997-06-19,"F","LW"
"e1eda887-4254-92a8-6144-360df62f16c1",18,8,5.90188959698017,2.09811040301983,0.116561689056657,0.116561689056657,0.444444444444444,"Arseneau, Vincent","Arseneau","Vincent","L",1992-03-26,"F","LW"
"48d0d556-7f19-8d92-f6ff-b83120c8c32b",17,7,4.91435890450905,2.08564109549095,0.122684770322997,0.122684770322997,0.411764705882353,"Hofer, Ryan","Hofer","Ryan","L",2002-05-10,"F","RW"
"a2f8a1c4-75eb-63d8-4e1d-dbb361fdaeb0",14,7,4.9145144634843,2.0854855365157,0.148963252608264,0.148963252608264,0.5,"Foudy, Jean-Luc","Foudy","Jean-Luc","R",2002-05-13,"F","RW"
"9b73814b-a50e-958a-a5e4-15cf0373d762",16,8,5.95661560445131,2.04338439554869,0.127711524721793,0.127711524721793,0.5,"Parssinen, Juuso","Parssinen","Juuso","L",2001-02-01,"F","C"
"b0ca309f-321f-7119-6c17-cf1437cc9bd8",37,14,11.9628492315234,2.03715076847664,0.0550581288777471,0.0550581288777471,0.378378378378378,"Elynuik, Hudson","Elynuik","Hudson","L",1997-10-12,"F","F"
"19c643ff-fb68-0999-d76d-840158053e4a",15,7,4.99010950790168,2.00989049209832,0.133992699473222,0.133992699473222,0.466666666666667,"Doty, Jacob","Doty","Jacob","R",1993-06-19,"F","F"
"03e51f3c-cfff-9ae9-5b2f-cb7e72a786cd",10,6,4.10184623779287,1.89815376220713,0.189815376220713,0.189815376220713,0.6,"Kindopp, Bryce","Kindopp","Bryce","R",1999-06-14,"F","RW"
"58b0c680-a304-643d-ce76-6451b920519a",15,7,5.11495077873076,1.88504922126924,0.125669948084616,0.125669948084616,0.466666666666667,"Rau, Kyle","Rau","Kyle","L",1992-10-24,"F","F"
"e2214881-b6b0-b1c9-6e83-a6b289c4f33f",12,6,4.14018378176011,1.85981621823989,0.154984684853324,0.154984684853324,0.5,"Primeau, Mason","Primeau","Mason","L",2001-07-28,"F","F"
"af933b87-4f83-feaa-feff-6f90363db186",34,13,11.1616062901479,1.83839370985213,0.054070403230945,0.054070403230945,0.382352941176471,"Sabourin, Scott","Sabourin","Scott","R",1992-07-30,"F","F"
"ba6ccd17-6b01-8ed6-8af9-e37cd98df349",10,5,3.17522199019643,1.82477800980357,0.182477800980357,0.182477800980357,0.5,"Fagemo, Samuel","Fagemo","Samuel","R",2000-03-14,"F","LW"
"1f87233d-cd1d-1ebf-d866-e777d5b45092",24,9,7.19342988212799,1.80657011787201,0.0752737549113336,0.0752737549113336,0.375,"Edstrom, Adam","Edstrom","Adam","L",2000-10-12,"F","C"
"17494d44-9ff1-9cf3-5f99-cc754342c12f",20,8,6.24705713490346,1.75294286509654,0.0876471432548268,0.0876471432548268,0.4,"Bishop, Clark","Bishop","Clark","L",1996-03-29,"F","C"
"2169a8c5-6ecd-6471-78be-1fd91f858e82",32,13,11.2736392616546,1.72636073834539,0.0539487730732934,0.0539487730732934,0.40625,"Chibrikov, Nikita","Chibrikov","Nikita","L",2003-02-16,"F","LW"
"caea29a5-fbb3-0a09-a224-442a8a2efb50",10,5,3.27446629835985,1.72553370164015,0.172553370164015,0.172553370164015,0.5,"Rees, Jamieson","Rees","Jamieson","L",2001-02-26,"F","LW"
"b8541c9c-40ff-8902-1a40-af7c2916bfaa",23,9,7.30481045297759,1.69518954702241,0.0737038933488003,0.0737038933488003,0.391304347826087,"Geertsen, Mason","Geertsen","Mason","L",1995-04-19,"F","LW"
"5ad461c4-01e6-3090-18c9-0aa215276809",24,10,8.33550738896772,1.66449261103228,0.0693538587930116,0.0693538587930116,0.416666666666667,"Gushchin, Danil","Gushchin","Danil","L",2002-02-06,"F","F"
"596db0b3-b0e7-ce8e-41f6-7008175ce45c",24,9,7.34936749051518,1.65063250948482,0.0687763545618674,0.0687763545618674,0.375,"Gust, David","Gust","David","R",1994-02-21,"F","F"
"8bf524f6-7499-1f04-dd8e-e7e80934fb0f",22,9,7.4265385084001,1.5734614915999,0.0715209768909043,0.0715209768909043,0.409090909090909,"Kuntar, Trevor","Kuntar","Trevor","L",2001-06-20,"F","LW"
"42e3b869-a651-df12-3291-53f0f3320501",25,10,8.50244949431466,1.49755050568534,0.0599020202274136,0.0599020202274136,0.4,"Gettinger, Timothy","Gettinger","Timothy","L",1998-04-14,"F","LW"
"15f4d004-953c-10f0-c9f3-d5e55866559b",16,7,5.52910190786532,1.47089809213468,0.0919311307584178,0.0919311307584178,0.4375,"Pederson, Lane","Pederson","Lane","R",1997-08-04,"F","C"
"e88acb6b-d5da-6c45-42b6-b77998c3203f",19,8,6.6269228292312,1.3730771707688,0.0722672195141473,0.0722672195141473,0.421052631578947,"Rousek, Lukas","Rousek","Lukas","L",1999-04-20,"F","RW"
"3bc06bbe-5d1f-aa0b-c51e-f0c83f70803a",24,10,8.64801194277816,1.35198805722184,0.0563328357175765,0.0563328357175765,0.416666666666667,"Petan, Nic","Petan","Nic","L",1995-03-22,"F","F"
"16639321-8e4f-7071-4f1a-276266715f99",14,6,4.6687059959919,1.3312940040081,0.0950924288577214,0.0950924288577214,0.428571428571429,"Peca, Matthew","Peca","Matthew","L",1993-04-27,"F","C"
"58ff86bf-e659-f9dc-3f5f-6a51741e47ab",12,5,3.6753023451311,1.3246976548689,0.110391471239075,0.110391471239075,0.416666666666667,"Zohorna, Radim","Zohorna","Radim","L",1996-04-29,"F","C"
"bba30af5-560c-b50d-0be3-319e7be45c4d",12,5,3.67611089961418,1.32388910038582,0.110324091698818,0.110324091698818,0.416666666666667,"Nash, Riley","Nash","Riley","R",1989-05-09,"F","F"
"11fbe5d4-66ec-34ba-9657-09704f893154",21,9,7.71230406326013,1.28769593673987,0.0613188541304701,0.0613188541304701,0.428571428571429,"Toninato, Dominic","Toninato","Dominic","L",1994-03-09,"F","C"
"86d443fb-d036-6a5f-adfe-abd2286c4a74",27,10,8.7559842249667,1.2440157750333,0.0460746583345666,0.0460746583345666,0.37037037037037,"Blandisi, Joseph","Blandisi","Joseph","L",1994-07-18,"F","F"
"b8906cf1-9e34-5011-6bc4-1b7f5edaf259",24,9,7.77038034723253,1.22961965276747,0.0512341521986447,0.0512341521986447,0.375,"Raska, Adam","Raska","Adam","R",2001-09-25,"F","F"
"938c52ed-067f-8299-e70a-998704932bfd",16,6,4.78117254670534,1.21882745329466,0.076176715830916,0.076176715830916,0.375,"Sanford, Zach","Sanford","Zach","L",1994-11-09,"F","LW"
"d9cf213c-8aa3-ec29-2aa1-29c82ed7d5bb",31,11,9.85393795856401,1.14606204143599,0.0369697432721286,0.0369697432721286,0.354838709677419,"Raty, Aku","Raty","Aku","R",2001-07-05,"F","RW"
"46121515-ed91-d0e4-56cf-d0aca14a8b5a",15,6,4.86463230500774,1.13536769499226,0.0756911796661509,0.0756911796661509,0.4,"Koepke, Cole","Koepke","Cole","L",1998-05-17,"F","LW"
"4d3e2b74-879a-b997-e31f-715ee7403cb7",13,5,3.8948989155308,1.1051010844692,0.0850077757283997,0.0850077757283997,0.384615384615385,"Mersch, Michael","Mersch","Michael","L",1992-10-02,"F","RW"
"9c74b325-0fa9-5486-dd3f-f6b577678042",16,7,5.90075455806123,1.09924544193877,0.0687028401211729,0.0687028401211729,0.4375,"Pavel, Ondrej","Pavel","Ondrej","L",2000-08-29,"F","F"
"0e576680-d92a-8954-1c02-51bab3e6670c",26,9,7.94485991690305,1.05514008309695,0.0405823108883442,0.0405823108883442,0.346153846153846,"Kelemen, Milos","Kelemen","Milos","L",1999-07-06,"F","F"
"ef6ffa30-eb7b-716c-b66b-d0db438b2268",25,9,7.98982200107282,1.01017799892718,0.0404071199570871,0.0404071199570871,0.36,"Strome, Matthew","Strome","Matthew","L",1999-01-06,"F","RW"
"3a10f482-4800-bee5-3045-86b128ec6420",25,9,8.00943401243543,0.990565987564571,0.0396226395025828,0.0396226395025828,0.36,"Rempe, Matthew","Rempe","Matthew","R",2002-06-29,"F","C"
"41c74b24-2875-6f45-d954-11ac6d6c410b",24,9,8.1093427025289,0.890657297471105,0.0371107207279627,0.0371107207279627,0.375,"Sutter, Brett","Sutter","Brett","L",1987-06-02,"F","LW"
"c49719c8-8490-01cc-e81b-91996b030e35",23,8,7.15416248581225,0.845837514187749,0.0367755440951195,0.0367755440951195,0.347826086956522,"Jenik, Jan","Jenik","Jan","L",2000-09-15,"F","C"
"629d5563-2754-3120-3402-3b116164482f",22,8,7.16071354923692,0.839286450763077,0.0381493841255944,0.0381493841255944,0.363636363636364,"Bellows, Kieffer","Bellows","Kieffer","L",1998-06-10,"F","LW"
"a55a9dc4-0d17-6c79-1200-0e6282e49b76",16,6,5.19163142874993,0.808368571250071,0.0505230357031294,0.0505230357031294,0.375,"True, Alexander","True","Alexander","L",1997-07-17,"F","C"
"2e33542c-6735-7a9d-beb1-3911e384f921",26,9,8.20274144489086,0.797258555109142,0.0306637905811208,0.0306637905811208,0.346153846153846,"McDonough, Aidan","McDonough","Aidan","L",1999-11-06,"F","LW"
"bce6bdea-4c8a-8917-a11b-59ecf9c30b51",23,8,7.20786526695353,0.792134733046471,0.0344406405672379,0.0344406405672379,0.347826086956522,"Gardner, Rhett","Gardner","Rhett","L",1996-02-28,"F","F"
"f0eb7a58-4ead-3515-a883-490e844538f4",18,7,6.22343673293734,0.776563267062661,0.0431424037257034,0.0431424037257034,0.388888888888889,"Podkolzin, Vasily","Podkolzin","Vasily","L",2001-06-24,"F","RW"
"af1d2155-8151-1411-7139-22b219311670",20,7,6.23823812310862,0.761761876891379,0.0380880938445689,0.038088093844569,0.35,"Perreault, Jacob","Perreault","Jacob","R",2002-04-15,"F","RW"
"8b43652c-1ab8-e931-e045-ca9cd839d10b",14,5,4.23870768802798,0.761292311972023,0.054378022283716,0.054378022283716,0.357142857142857,"McCormick, Max","McCormick","Max","L",1992-05-01,"F","F"
"5bd9a56b-e7ed-0f23-4c35-63587ff2bd90",29,10,9.25223023193001,0.747769768069992,0.0257851644162066,0.0257851644162066,0.344827586206897,"Kaspick, Tanner","Kaspick","Tanner","L",1998-01-28,"F","F"
"cea95974-dc8a-a373-919e-beb7ff91d488",24,8,7.25514285414885,0.744857145851148,0.0310357144104645,0.0310357144104645,0.333333333333333,"Murray, Brett","Murray","Brett","L",1998-07-20,"F","LW"
"8dfc4cd9-4bed-d27e-f82a-aac7483571b8",28,10,9.28252683507556,0.717473164924439,0.0256240416044442,0.0256240416044442,0.357142857142857,"Stankoven, Logan","Stankoven","Logan","R",2003-02-26,"F","C"
"5a453d9b-d3e9-d3cf-af18-be043e9650b3",28,10,9.28572691851586,0.714273081484139,0.0255097529101478,0.0255097529101478,0.357142857142857,"Rempal, Sheldon","Rempal","Sheldon","R",1995-08-07,"F","F"
"3fa9dd4a-efae-a4f4-e00c-d5885556b815",16,6,5.2907938913631,0.709206108636896,0.044325381789806,0.044325381789806,0.375,"Meyers, Ben","Meyers","Ben","L",1998-11-15,"F","C"
"3f1cb8fd-1aa5-5b5c-a0f1-d8dbb7756d87",22,8,7.31994852620393,0.680051473796065,0.0309114306270939,0.0309114306270939,0.363636363636364,"Durandeau, Arnaud","Durandeau","Arnaud","L",1999-01-14,"F","LW"
"1e248371-8cd8-2ae1-7132-6212cfafbe89",15,5,4.32359901627454,0.676400983725458,0.0450933989150305,0.0450933989150305,0.333333333333333,"Holland, Peter","Holland","Peter","L",1991-01-14,"F","F"
"b3762305-438c-1b85-1c59-1a831d98849c",17,6,5.32868025280152,0.671319747198483,0.0394893968940284,0.0394893968940284,0.352941176470588,"Pekar, Matej","Pekar","Matej","L",2000-02-10,"F","F"
"9d227775-ff40-8878-dbd2-b275f291952a",27,9,8.34113079613696,0.658869203863039,0.0244025631060385,0.0244025631060385,0.333333333333333,"Karlstrom, Fredrik","Karlstrom","Fredrik","L",1998-01-12,"F","LW"
"f3124fb4-5a13-5eb9-b17e-591923ba6356",19,7,6.34955413667725,0.650445863322749,0.0342339928064605,0.0342339928064605,0.368421052631579,"Morrison, Logan","Morrison","Logan","R",2002-07-09,"F","F"
"9a673947-843b-c6fd-0b7e-35c0d46cf23f",19,7,6.35524184940161,0.64475815059839,0.0339346395051784,0.0339346395051784,0.368421052631579,"Sokolov, Yegor","Sokolov","Yegor","R",2000-06-07,"F","F"
"1528eac5-8aa1-8745-fd3f-52cb7c35ab0d",22,8,7.35890151472056,0.64109848527944,0.0291408402399746,0.0291408402399745,0.363636363636364,"Seney, Brett","Seney","Brett","L",1996-02-28,"F","F"
"67e1e8ce-d6e8-927b-8a0f-0eaf39b35fc6",24,9,8.38673481203818,0.613265187961815,0.0255527161650756,0.0255527161650756,0.375,"Pinho, Brian","Pinho","Brian","R",1995-05-11,"F","F"
"d29ba519-c5d9-1220-eda7-e0ec41379e99",11,4,3.39293085618659,0.607069143813415,0.0551881039830377,0.0551881039830377,0.363636363636364,"Nikolayev, Ilya","Nikolayev","Ilya","L",2001-06-26,"F","F"
"00107e79-8a36-de05-69c7-86087051c558",26,9,8.39545467031508,0.604545329684925,0.0232517434494202,0.0232517434494202,0.346153846153846,"Lombardi, Amadeus","Lombardi","Amadeus","L",2003-06-05,"F","C"
"2f0d296c-e9df-b8b7-f0e0-a135b8802329",34,12,11.4090897984313,0.590910201568652,0.0173797118108427,0.0173797118108427,0.352941176470588,"Soderblom, Elmer","Soderblom","Elmer","L",2001-07-05,"F","LW"
"a2e5ba9a-a3d2-3c36-25f5-6b71426f884d",31,10,9.41565486453287,0.584345135467128,0.0188498430795848,0.0188498430795848,0.32258064516129,"Kuhlman, Karson","Kuhlman","Karson","R",1995-09-26,"F","RW"
"e936a4e7-0304-42aa-1ad8-269904d96714",30,10,9.42034635056579,0.579653649434213,0.0193217883144738,0.0193217883144738,0.333333333333333,"Karlsson, Linus","Karlsson","Linus","R",1999-11-16,"F","C"
"54a93710-8748-9bc6-3c84-913918590be7",31,11,10.4246896871963,0.575310312803685,0.0185583971872157,0.0185583971872156,0.354838709677419,"Snively, Joe","Snively","Joe","L",1996-01-01,"F","LW"
"8dd277fe-98ea-6fe2-f846-af1ff688112e",23,9,8.44266261009425,0.557337389905754,0.024232060430685,0.0242320604306849,0.391304347826087,"Leonard, John","Leonard","John","L",1998-08-07,"F","LW"
"c9060c85-0600-ed69-de2d-6aa7611fc7bc",11,4,3.44378756725558,0.556212432744422,0.0505647666131293,0.0505647666131293,0.363636363636364,"Gaunce, Brendan","Gaunce","Brendan","L",1994-03-25,"F","C"
"12845e0c-fc7d-d76a-f026-bb69d8aad07e",18,7,6.47656413392304,0.52343586607696,0.0290797703376089,0.0290797703376089,0.388888888888889,"De Leo, Chase","De Leo","Chase","L",1995-10-25,"F","LW"
"ebb72d23-6b12-208b-62ee-393071bdb363",30,10,9.47891285082446,0.521087149175539,0.0173695716391846,0.0173695716391846,0.333333333333333,"Schwindt, Cole","Schwindt","Cole","R",2001-04-25,"F","RW"
"080a4b83-a144-5887-3f0e-084a2fbeb039",24,8,7.48270573701673,0.517294262983267,0.0215539276243028,0.0215539276243028,0.333333333333333,"Asselin, Samuel","Asselin","Samuel","L",1998-07-01,"F","F"
"2d0eb54e-169a-5f00-7761-2ca898c78da7",19,6,5.49398137117995,0.506018628820046,0.0266325594115814,0.0266325594115814,0.315789473684211,"Filipe, Matt","Filipe","Matt","L",1997-12-31,"F","LW"
"f689ab68-ff09-c472-b41e-9fe5260553a8",22,8,7.55589022159112,0.444109778408879,0.0201868081094945,0.0201868081094945,0.363636363636364,"Imama, Bokondji","Imama","Bokondji","L",1996-08-03,"F","LW"
"6702a3ca-377e-db75-149b-2621c1febba3",39,13,12.5780464300261,0.421953569973885,0.0108193223070227,0.0108193223070227,0.333333333333333,"Belzile, Alex","Belzile","Alex","R",1991-08-31,"F","F"
"c25ea63f-011d-ce60-d969-b7d83cf526b1",29,9,8.59143115888333,0.408568841116669,0.014088580728161,0.014088580728161,0.310344827586207,"Jones, Ben","Jones","Ben","L",1999-02-26,"F","C"
"967d9997-756d-44cc-889a-8c024fc10a3c",16,5,4.59378113560245,0.406218864397551,0.0253886790248469,0.0253886790248469,0.3125,"Robins, Tristen","Robins","Tristen","R",2001-11-15,"F","F"
"5e597523-3951-4de6-6d47-6d3fe982366b",26,9,8.5987432249674,0.401256775032602,0.0154329528858693,0.0154329528858693,0.346153846153846,"Schneider, Cole","Schneider","Cole","L",1990-08-26,"F","F"
"6110cbf6-1606-3431-643c-78b0e035f5ff",18,6,5.61214566947417,0.387854330525832,0.0215474628069907,0.0215474628069907,0.333333333333333,"Gawdin, Glenn","Gawdin","Glenn","R",1997-03-25,"F","F"
"ec19bc8b-8413-3a35-3a64-922eeb62d5a7",24,9,8.62495583979717,0.375044160202835,0.0156268400084515,0.0156268400084514,0.375,"Jankowski, Mark","Jankowski","Mark","L",1994-09-13,"F","LW"
"f487f33a-87b9-43cd-d79f-02dac52c3dfe",22,7,6.63618064030569,0.363819359694307,0.0165372436224685,0.0165372436224685,0.318181818181818,"Meireles, Greg","Meireles","Greg","R",1999-01-01,"F","RW"
"5f6e7132-7315-97d1-1833-90ef2671c403",19,6,5.663938697326,0.336061302674003,0.0176874369828423,0.0176874369828423,0.315789473684211,"Regenda, Pavol","Regenda","Pavol","L",1999-12-07,"F","LW"
"e14d8b1e-280b-fcd3-8676-f0ec14a86d80",17,6,5.66482661006157,0.335173389938431,0.0197160817610842,0.0197160817610842,0.352941176470588,"Hirvonen, Roni","Hirvonen","Roni","L",2002-01-10,"F","C"
"d7535706-ab13-a4e2-1b01-b80ac5ff0720",27,10,9.66956769356421,0.330432306435794,0.0122382335716961,0.0122382335716961,0.37037037037037,"Andonovski, Corey","Andonovski","Corey","R",1999-03-26,"F","RW"
"75fce25f-ab8f-4f02-2e5e-41faf5ad62ef",31,11,10.6733602073378,0.326639792662164,0.0105367675052311,0.0105367675052311,0.354838709677419,"Wouters, Chase","Wouters","Chase","R",2000-02-08,"F","C"
"e11c278e-bb24-1555-240d-8556a7f63afb",27,9,8.68452008333143,0.315479916668567,0.0116844413580951,0.0116844413580951,0.333333333333333,"Sutter, Riley","Sutter","Riley","R",1999-10-25,"F","C"
"54c92034-9ece-4a76-ae9d-be434c2eef82",12,4,3.69561500484245,0.304384995157546,0.0253654162631289,0.0253654162631289,0.333333333333333,"Hain, Gavin","Hain","Gavin","L",2000-04-03,"F","C"
"a385df53-a241-ed83-c64f-34d4b4da77da",10,4,3.71025090360892,0.289749096391078,0.0289749096391078,0.0289749096391078,0.4,"Roy, Joshua","Roy","Joshua","L",2003-08-06,"F","LW"
"69c1e284-b220-e453-250a-66413a82618e",12,4,3.74646753415989,0.253532465840114,0.0211277054866762,0.0211277054866761,0.333333333333333,"Studenic, Marian","Studenic","Marian","L",1998-10-28,"F","LW"
"1b82a2ec-e891-f657-0e2c-842e3a0fd79f",33,11,10.7475284343381,0.252471565661939,0.00765065350490723,0.00765065350490725,0.333333333333333,"Suess, C.J.","Suess","C.J.","L",1994-03-17,"F","C"
"befd7372-8a19-ca5a-c1db-88c82ad4500b",31,11,10.7603347174354,0.239665282564552,0.00773113814724361,0.00773113814724363,0.354838709677419,"Criscuolo, Kyle","Criscuolo","Kyle","R",1992-05-05,"F","C"
"1ec06797-c8bc-e24a-19ff-cf29896403c7",16,5,4.7621507502743,0.237849249725702,0.0148655781078564,0.0148655781078564,0.3125,"Studnicka, Jack","Studnicka","Jack","R",1999-02-18,"F","F"
"0197019c-0e19-f14e-cdab-ce4bb3630856",36,12,11.7748233850473,0.225176614952742,0.00625490597090951,0.00625490597090952,0.333333333333333,"Laferriere, Mathias","Laferriere","Mathias","R",2000-06-27,"F","RW"
"a792d2b1-ce98-c030-e583-39536e721171",39,13,12.8347711165709,0.1652288834291,0.00423663803664358,0.00423663803664356,0.333333333333333,"Clarke, Graeme","Clarke","Graeme","R",2001-04-24,"F","F"
"b2f264ba-1fa2-c297-2cf2-a5109e7b99d9",33,11,10.8512283411921,0.148771658807911,0.00450823208508822,0.0045082320850882,0.333333333333333,"Reinhardt, Cole","Reinhardt","Cole","L",2000-02-01,"F","LW"
"add3d394-1378-64cf-5d00-dc6027bcf5bd",21,6,5.85498083389114,0.145019166108865,0.00690567457661261,0.00690567457661259,0.285714285714286,"Slavin, Josiah","Slavin","Josiah","L",1998-12-31,"F","LW"
"675635e1-14fe-6bdd-0302-1323e92737eb",12,4,3.88428466783235,0.115715332167647,0.00964294434730391,0.0096429443473039,0.333333333333333,"Guttman, Cole","Guttman","Cole","R",1999-04-06,"F","C"
"936ad397-0a05-0d42-2c84-a8d14ddf2971",16,5,4.89701180232309,0.102988197676915,0.00643676235480717,0.00643676235480719,0.3125,"Kozak, Tyson","Kozak","Tyson","L",2002-12-29,"F","C"
"8f7dc0f4-ca8a-10e4-040e-574cba9e71b1",16,5,4.90510446625735,0.0948955337426511,0.0059309708589157,0.00593097085891572,0.3125,"Drew, Hunter","Drew","Hunter","R",1998-10-21,"F","RW"
"b18a382f-18a4-2fd8-10e5-fa3a3726fe0d",10,3,2.95831603835546,0.0416839616445386,0.00416839616445386,0.00416839616445386,0.3,"Khaira, Jujhar","Khaira","Jujhar","L",1994-08-13,"F","C"
"6e6168a5-df29-f732-cbd8-5e5d3ccfc780",30,9,8.98708764771975,0.012912352280253,0.0004304117426751,0.000430411742675081,0.3,"Back, Oskar","Back","Oskar","L",2000-03-12,"F","C"
"bc22e636-a3aa-30c6-baab-dbd6d5403b03",15,5,4.99190716564075,0.0080928343592479,0.000539522290616527,0.000539522290616556,0.333333333333333,"Lindblom, Oskar","Lindblom","Oskar","L",1996-08-15,"F","LW"
"b2485777-a1f9-23e9-5c28-c99761cd10e2",18,6,5.99380401928446,0.00619598071553629,0.000344221150863127,0.000344221150863104,0.333333333333333,"Grimaldi, Rocco","Grimaldi","Rocco","R",1993-02-08,"F","F"
"db0333ab-7807-d7a0-6a75-e78b8401080d",33,10,10.0223962327424,-0.0223962327424374,-0.0006786737194678,-0.000678673719467815,0.303030303030303,"Fogarty, Steven","Fogarty","Steven","R",1993-04-19,"F","RW"
"ae3c26e4-6536-f078-6e78-8ca2db85def8",20,6,6.02808983385943,-0.0280898338594326,-0.00140449169297163,-0.00140449169297163,0.3,"Conacher, Cory","Conacher","Cory","L",1989-12-14,"F","RW"
"b5213912-a849-6bc0-e07c-2b66d599713e",23,7,7.03610686989692,-0.03610686989692,-0.00156986390856174,-0.00156986390856175,0.304347826086957,"Dean, Zachary","Dean","Zachary","L",2003-01-04,"F","F"
"09acb688-56e4-f841-9840-99924478fb13",25,8,8.06602306067744,-0.0660230606774448,-0.00264092242709779,-0.00264092242709777,0.32,"Dowling, Justin","Dowling","Justin","L",1990-10-01,"F","C"
"62962656-a554-8ab3-7d7f-5669fa932604",38,12,12.0804009685337,-0.0804009685336631,-0.00211581496141219,-0.0021158149614122,0.315789473684211,"Goncalves, Gage","Goncalves","Gage","L",2001-01-16,"F","C"
"05d1d579-7092-686f-82ea-789112b87f0f",20,6,6.09863917341627,-0.098639173416271,-0.00493195867081355,-0.00493195867081357,0.3,"Steeves, Alex","Steeves","Alex","L",1999-12-10,"F","C"
"3df1ae9b-2aa4-e9cb-6921-02b059b862b6",28,9,9.10412200085688,-0.104122000856878,-0.00371864288774563,-0.00371864288774562,0.321428571428571,"Caamano, Nicholas","Caamano","Nicholas","L",1998-09-07,"F","RW"
"85ee3269-0c02-823e-7fe2-a1a0b0566cd7",18,6,6.10724343934777,-0.107243439347771,-0.00595796885265395,-0.00595796885265395,0.333333333333333,"Chaffee, Mitchell","Chaffee","Mitchell","R",1998-01-26,"F","RW"
"3081fce7-ed01-b163-8b6f-08e12202de8f",26,8,8.1403878945739,-0.140387894573898,-0.00539953440668839,-0.00539953440668841,0.307692307692308,"Wright, Shane","Wright","Shane","R",2004-01-05,"F","C"
"3cfc8139-e81a-8949-e3fc-0a6728b63ab3",25,7,7.14623438500889,-0.146234385008888,-0.00584937540035551,-0.0058493754003555,0.28,"Washkurak, Keean","Washkurak","Keean","L",2001-08-16,"F","LW"
"c7554bfa-9d55-0c17-9b33-0f223ea3f85a",18,6,6.19698782230742,-0.196987822307423,-0.0109437679059679,-0.0109437679059679,0.333333333333333,"Currie, Josh","Currie","Josh","R",1992-10-29,"F","F"
"fb7c222c-ebe7-4beb-3638-c0b60a15a0fd",13,4,4.20775831318848,-0.207758313188484,-0.0159814087068065,-0.0159814087068065,0.307692307692308,"Chartier, Rourke","Chartier","Rourke","L",1996-04-03,"F","F"
"ab2f8c0e-cfd3-c0ac-74f5-8164c48764b2",20,6,6.21145892197795,-0.211458921977946,-0.0105729460988973,-0.0105729460988973,0.3,"Hodgson, Hayden","Hodgson","Hayden","R",1996-03-02,"F","RW"
"a23408ce-f1c0-03b6-d7ef-60da484f7212",12,3,3.21178405973557,-0.211784059735571,-0.0176486716446309,-0.0176486716446309,0.25,"Nylander, Alexander","Nylander","Alexander","R",1998-03-02,"F","RW"
"91ecbdb7-a405-57e1-23d6-910efcb6de2a",11,3,3.2188527114935,-0.218852711493496,-0.0198957010448633,-0.0198957010448633,0.272727272727273,"Butler, Cameron","Butler","Cameron","R",2002-06-09,"F","RW"
"ceba5090-f6e0-e944-7ceb-e629c8348684",19,6,6.2378220250101,-0.237822025010104,-0.0125169486847423,-0.0125169486847423,0.315789473684211,"McLain, Mitch","McLain","Mitch","L",1993-12-09,"F","F"
"9ba734ab-eb7b-f21a-f8f4-737e7fd707b8",20,6,6.25854426000003,-0.258544260000027,-0.0129272130000014,-0.0129272130000014,0.3,"Desnoyers, Elliot","Desnoyers","Elliot","L",2002-01-21,"F","LW"
"a2931977-2953-a366-84f6-402e39590fc9",17,5,5.27502123843466,-0.275021238434658,-0.0161777199079211,-0.0161777199079211,0.294117647058824,"Melnick, Josh","Melnick","Josh","R",1995-07-10,"F","C"
"ee172400-aed4-5013-4ad3-4a4798d72b3e",26,8,8.28522323089867,-0.285223230898668,-0.0109701242653334,-0.0109701242653334,0.307692307692308,"Tynan, TJ","Tynan","TJ","R",1992-02-25,"F","F"
"eea2f5b1-7f49-aeed-2bad-ceff85f41700",20,6,6.29970729506309,-0.299707295063087,-0.0149853647531543,-0.0149853647531543,0.3,"Dumont, Gabriel","Dumont","Gabriel","R",1990-10-06,"F","C"
"bc0c9735-bac9-f48e-c06b-01df0bfd052a",59,20,20.3063095112517,-0.306309511251733,-0.00519168663138531,-0.00519168663138531,0.338983050847458,"Truchon-Viel, Jeffrey","Truchon-Viel","Jeffrey","L",1997-01-28,"F","LW"
"9bfe9ddc-4b06-ca9d-ed9a-9fbda2f10d8b",22,7,7.31085317802715,-0.310853178027154,-0.0141296899103252,-0.0141296899103252,0.318181818181818,"Kero, Tanner","Kero","Tanner","L",1992-07-24,"F","C"
"1ab2133d-766e-f84d-6493-58a2f096104c",10,3,3.31820943464778,-0.318209434647783,-0.0318209434647783,-0.0318209434647783,0.3,"Fizer, Tarun","Fizer","Tarun","R",2001-03-01,"F","RW"
"e0cea5f8-086b-dec5-d799-9f09a23f8d52",32,9,9.3226685952358,-0.3226685952358,-0.0100833936011188,-0.0100833936011188,0.28125,"Gambrell, Dylan","Gambrell","Dylan","R",1996-08-26,"F","C"
"015f554a-21c0-99bc-0a31-a176810b40c6",30,10,10.3243183547416,-0.324318354741628,-0.0108106118247209,-0.010810611824721,0.333333333333333,"Shine, Dominik","Shine","Dominik","R",1993-04-18,"F","RW"
"b460c5a3-506f-26e8-0bd1-3e354b96b1b5",22,7,7.34837995673248,-0.348379956732483,-0.0158354525787492,-0.0158354525787492,0.318181818181818,"Sourdif, Justin","Sourdif","Justin","R",2002-03-24,"F","RW"
"001f8fd1-bc74-2cc8-3e59-09a02532c938",50,16,16.3518814104437,-0.351881410443678,-0.00703762820887356,-0.00703762820887355,0.32,"Nesterenko, Nikita","Nesterenko","Nikita","L",2001-09-10,"F","C"
"05017054-7f2a-ab0a-f2bf-9c685b7f0789",13,3,3.41905671107371,-0.419056711073713,-0.0322351316210548,-0.0322351316210548,0.230769230769231,"Mastrosimone, Robert","Mastrosimone","Robert","L",2001-01-24,"F","LW"
"8b9a3cb8-fe56-bdee-92ab-9dd83fa15593",26,7,7.42636724378493,-0.426367243784931,-0.0163987401455743,-0.0163987401455743,0.269230769230769,"Asplund, Rasmus","Asplund","Rasmus","L",1997-12-03,"F","C"
"8bd8e696-4514-a5d5-792b-80b002761f46",20,6,6.43932301960835,-0.439323019608351,-0.0219661509804176,-0.0219661509804176,0.3,"Hirose, Taro","Hirose","Taro","L",1996-06-30,"F","LW"
"9deea627-59bf-c37e-d041-5160edc3ac73",12,3,3.50892678160703,-0.508926781607034,-0.0424105651339195,-0.0424105651339195,0.25,"Boqvist, Jesper","Boqvist","Jesper","L",1998-10-30,"F","C"
"fd49836f-d5af-212e-d04d-32c44ef24a8e",39,12,12.5241913278846,-0.524191327884607,-0.0134408032790925,-0.0134408032790925,0.307692307692308,"Sykora, Adam","Sykora","Adam","L",2004-09-07,"F","F"
"e9ef1506-4a97-1586-e7b4-a1dfbec02e4e",12,3,3.58155882643488,-0.581558826434877,-0.0484632355362397,-0.0484632355362397,0.25,"Fix-Wolansky, Trey","Fix-Wolansky","Trey","R",1999-05-26,"F","RW"
"41273737-16e3-50f4-d08a-03a1fc11edf5",30,9,9.60473645893442,-0.604736458934417,-0.0201578819644806,-0.0201578819644805,0.3,"Bourque, Mavrik","Bourque","Mavrik","R",2002-01-08,"F","C"
"a642a014-b17e-3674-5214-a0c41b7836ba",35,12,12.6470010474385,-0.647001047438488,-0.0184857442125282,-0.0184857442125282,0.342857142857143,"Mayhew, Gerald","Mayhew","Gerald","R",1992-12-31,"F","C"
"9f84fbe2-cd0a-9663-0184-4398a58d7d29",31,9,9.64986938389377,-0.649869383893771,-0.0209635285127023,-0.0209635285127023,0.290322580645161,"Quinney, Gage","Quinney","Gage","L",1995-07-29,"F","F"
"a0c15a5d-c635-d29e-06a4-421921529350",13,3,3.67684976681325,-0.676849766813248,-0.0520653666779422,-0.0520653666779422,0.230769230769231,"Dunne, Josh","Dunne","Josh","L",1998-12-08,"F","C"
"0ce6b03a-1c53-674c-856d-df3b6dbfd50d",35,10,10.6780559558131,-0.678055955813052,-0.0193730273089444,-0.0193730273089443,0.285714285714286,"O'Reilly, Cal","O'Reilly","Cal","L",1986-09-30,"F","C"
"cb681adf-c005-f9ab-1da3-15257b4f1bdf",20,6,6.68749296290214,-0.687492962902143,-0.0343746481451071,-0.0343746481451071,0.3,"Douglas, Curtis","Douglas","Curtis","L",2000-03-06,"F","C"
"f01abcfa-44e5-5d4c-df7c-876f3b8011d1",16,4,4.71908988810041,-0.719089888100413,-0.0449431180062758,-0.0449431180062758,0.25,"Bordeleau, Thomas","Bordeleau","Thomas","L",2002-01-03,"F","F"
"cfe456f6-9907-e4df-333f-27b358f49ebc",28,8,8.73944835317218,-0.739448353172184,-0.0264088697561494,-0.0264088697561494,0.285714285714286,"Rybinski, Henry","Rybinski","Henry","R",2001-06-26,"F","C"
"d85ec4b9-edd3-0949-8aa2-d27637d19918",19,5,5.74343224559066,-0.743432245590663,-0.0391280129258244,-0.0391280129258244,0.263157894736842,"Crookshank, Angus","Crookshank","Angus","L",1999-10-02,"F","LW"
"594759ce-c137-f893-62f5-d6b5ee7db55c",19,5,5.74447925725886,-0.744479257258861,-0.039183118803098,-0.039183118803098,0.263157894736842,"Merela, Waltteri","Merela","Waltteri","R",1998-07-06,"F","RW"
"62266127-46c0-5420-5d10-5a6068de1b5d",15,4,4.77750320585887,-0.777503205858867,-0.0518335470572578,-0.0518335470572578,0.266666666666667,"Lockwood, Will","Lockwood","Will","R",1998-06-20,"F","F"
"34c9b6d7-581c-e992-d276-c44d50fff88d",20,6,6.7913004844075,-0.7913004844075,-0.039565024220375,-0.039565024220375,0.3,"Smith, Dalton","Smith","Dalton","L",1992-06-30,"F","LW"
"6aaec354-e7a5-0c0d-7584-6746ffd4aabb",17,5,5.81517664063486,-0.815176640634864,-0.0479515670961684,-0.0479515670961684,0.294117647058824,"Foudy, Liam","Foudy","Liam","L",2000-02-04,"F","F"
"7ff9ba0c-7a28-4512-c9e5-a10afc5bbd83",18,5,5.81920931069694,-0.819209310696936,-0.045511628372052,-0.045511628372052,0.277777777777778,"Bellerive, Jordy","Bellerive","Jordy","L",1999-05-02,"F","RW"
"a0555634-4279-dde8-209b-5fb7664923b9",43,12,12.8237625711791,-0.823762571179069,-0.0191572690971876,-0.0191572690971877,0.27906976744186,"Wilson, Garrett","Wilson","Garrett","L",1991-03-16,"F","LW"
"f7d87866-fb2a-6a94-5317-d30145102fef",31,9,9.90832323074466,-0.908323230744662,-0.0293007493788601,-0.0293007493788601,0.290322580645161,"Meyer, Carson","Meyer","Carson","R",1997-08-18,"F","RW"
"b9289963-36ff-72f3-2e0f-5d1c271974dc",23,6,6.94796598722529,-0.947965987225292,-0.0412159124880562,-0.0412159124880561,0.260869565217391,"Gruden, Jonathan","Gruden","Jonathan","L",2000-05-04,"F","C"
"829fe83b-5b79-50a7-0b5a-837f3db608d1",10,2,2.97772389102441,-0.97772389102441,-0.097772389102441,-0.097772389102441,0.2,"Suzuki, Ryan","Suzuki","Ryan","L",2001-05-28,"F","C"
"68314a41-fbd6-d896-fb13-c348f321b1e6",15,4,4.98648724198132,-0.986487241981321,-0.065765816132088,-0.0657658161320881,0.266666666666667,"Wedman, Matthew","Wedman","Matthew","L",1999-05-25,"F","LW"
"e75ad40d-06f3-a0e9-0b73-d4b75b83749f",24,6,6.9936134658305,-0.993613465830504,-0.041400561076271,-0.041400561076271,0.25,"Koppanen, Joona","Koppanen","Joona","L",1998-02-25,"F","C"
"e3640c9a-f167-a9fb-5b42-88d88654fe8a",31,8,9.00984630966957,-1.00984630966957,-0.0325756874086959,-0.0325756874086959,0.258064516129032,"Lind, Kole","Lind","Kole","R",1998-10-16,"F","F"
"fc414242-12e8-6043-d405-65eef24051c1",24,7,8.04616237523146,-1.04616237523146,-0.0435900989679775,-0.0435900989679775,0.291666666666667,"Olausson, Oskar","Olausson","Oskar","L",2002-11-10,"F","F"
"e816e950-29af-f11a-16dc-9be28900788e",11,3,4.0745056634819,-1.0745056634819,-0.0976823330438091,-0.0976823330438091,0.272727272727273,"Maillet, Philippe","Maillet","Philippe","L",1992-11-07,"F","C"
"9365e946-bed1-6103-1e8a-2e9ba06d1dc2",27,8,9.08021255100914,-1.08021255100914,-0.0400078722595979,-0.0400078722595979,0.296296296296296,"Winterton, Ryan","Winterton","Ryan","R",2003-09-04,"F","C"
"41628483-4877-7355-2278-bf4aca0a7017",40,12,13.1028144847609,-1.10281448476087,-0.0275703621190218,-0.0275703621190218,0.3,"Teply, Michal","Teply","Michal","R",2001-05-27,"F","F"
"eaf6e42d-fc9b-2620-d315-6f442cf5afa0",41,13,14.1192873354085,-1.11928733540851,-0.0272996911075247,-0.0272996911075247,0.317073170731707,"Bardreau, Cole","Bardreau","Cole","R",1993-07-22,"F","F"
"4f269c7a-99a5-bd2f-9bb8-5ffeec578d52",16,4,5.12035268332697,-1.12035268332697,-0.0700220427079356,-0.0700220427079356,0.25,"Henriksson, Karl","Henriksson","Karl","L",2001-02-05,"F","C"
"11147770-b835-0375-d510-285823af4af9",15,4,5.12079996563591,-1.12079996563591,-0.0747199977090608,-0.0747199977090608,0.266666666666667,"Beaucage, Alex","Beaucage","Alex","R",2001-07-25,"F","RW"
"362b2b25-ce8a-9b00-6da7-0d1b8c2fe3d9",14,3,4.14110882599631,-1.14110882599631,-0.0815077732854505,-0.0815077732854505,0.214285714285714,"Angello, Anthony","Angello","Anthony","R",1996-03-06,"F","C"
"a855a24c-10d7-480c-5f02-f40cacd514f9",10,2,3.15599569515768,-1.15599569515768,-0.115599569515768,-0.115599569515768,0.2,"Luff, Matt","Luff","Matt","R",1997-05-05,"F","RW"
"83cfcd84-1391-c9fa-11b5-d3ec86ed5781",17,4,5.15769401777538,-1.15769401777538,-0.0680996481044343,-0.0680996481044343,0.235294117647059,"Erne, Adam","Erne","Adam","L",1995-04-20,"F","LW"
"0f6b8de7-1366-c197-e438-c2cb772c1f3e",11,2,3.17891640658876,-1.17891640658876,-0.107174218780797,-0.107174218780797,0.181818181818182,"Johnstone, Marc","Johnstone","Marc","R",1996-06-19,"F","RW"
"2f46ba90-e46e-6371-ac00-07be713995a2",22,6,7.1995805159181,-1.1995805159181,-0.0545263870871864,-0.0545263870871864,0.272727272727273,"Sasson, Max","Sasson","Max","L",2000-09-05,"F","C"
"8928e094-1450-a2f0-bb6f-6fd697d469c4",18,4,5.20184654233218,-1.20184654233218,-0.0667692523517879,-0.0667692523517879,0.222222222222222,"Terry, Chris","Terry","Chris","L",1989-04-07,"F","F"
"fc27738e-0887-ed94-4db2-89b7229b368c",25,6,7.21298415697955,-1.21298415697955,-0.0485193662791819,-0.0485193662791818,0.24,"Barron, Travis","Barron","Travis","L",1998-08-17,"F","LW"
"57416be2-68df-99d1-ada5-d3b6d3ef77b0",25,7,8.21798570934464,-1.21798570934464,-0.0487194283737855,-0.0487194283737856,0.28,"Lavoie, Raphael","Lavoie","Raphael","R",2000-09-25,"F","F"
"98e46ae5-eff9-0b8e-979e-9310c0f4d553",24,6,7.21931915916773,-1.21931915916773,-0.0508049649653221,-0.0508049649653221,0.25,"Jonsson-Fjallby, Axel","Jonsson-Fjallby","Axel","L",1998-02-10,"F","RW"
"77a3c50b-31ff-8311-b5bd-79aa901df22c",14,3,4.22021977695175,-1.22021977695175,-0.0871585554965535,-0.0871585554965535,0.214285714285714,"Farrell, Sean","Farrell","Sean","L",2001-11-02,"F","F"
"8e72a880-86a7-efa3-ddfd-a1127df16d89",15,4,5.23951460710832,-1.23951460710832,-0.0826343071405545,-0.0826343071405545,0.266666666666667,"Bowers, Shane","Bowers","Shane","L",1999-07-30,"F","RW"
"9b9236f2-e096-ef85-f4a8-1e2d657d99a2",23,6,7.25795714184301,-1.25795714184301,-0.0546937887757829,-0.054693788775783,0.260869565217391,"Legare, Nathan","Legare","Nathan","R",2001-01-11,"F","RW"
"aac0832e-8972-5a3d-7f15-1ac5c9e80727",32,9,10.2687287480564,-1.2687287480564,-0.0396477733767624,-0.0396477733767624,0.28125,"Shaw, Logan","Shaw","Logan","R",1992-10-05,"F","F"
"de965666-84cc-36f5-8129-ad04ec59d185",22,6,7.3205462831338,-1.3205462831338,-0.0600248310515364,-0.0600248310515364,0.272727272727273,"Heineman, Emil","Heineman","Emil","L",2001-11-16,"F","LW"
"4447229a-e693-b7a3-6bbe-f464ae9917c4",17,4,5.32255535708658,-1.32255535708658,-0.0777973739462692,-0.0777973739462692,0.235294117647059,"Pyyhtia, Mikael","Pyyhtia","Mikael","L",2001-12-17,"F","LW"
"4140108e-fd7c-f6c9-17ed-54d6cb083bb4",18,5,6.34991176542068,-1.34991176542068,-0.0749950980789264,-0.0749950980789264,0.277777777777778,"Clifford, Kyle","Clifford","Kyle","L",1991-01-13,"F","LW"
"7e9f0d8e-e3cb-c9d9-5986-30ccc588774a",14,3,4.35037857847395,-1.35037857847395,-0.0964556127481391,-0.0964556127481391,0.214285714285714,"McLaughlin, Blake","McLaughlin","Blake","L",2000-02-14,"F","F"
"f5fcdc05-b825-c3c6-187d-b79bb81ea956",16,4,5.39841251334321,-1.39841251334321,-0.0874007820839508,-0.0874007820839508,0.25,"Rosen, Isak","Rosen","Isak","L",2003-03-15,"F","RW"
"7a213ae8-292c-bc7f-83dd-7b14bdcadde1",17,4,5.41116326168197,-1.41116326168197,-0.0830096036283513,-0.0830096036283513,0.235294117647059,"Berggren, Jonatan","Berggren","Jonatan","L",2000-07-16,"F","RW"
"81f67e82-04fb-7536-2181-669ac1247363",17,4,5.42465597956308,-1.42465597956308,-0.0838032929154756,-0.0838032929154756,0.235294117647059,"MacLean, Kyle","MacLean","Kyle","L",1999-04-29,"F","C"
"195db92d-b85c-e1c2-0f7e-6f1cb57dde82",12,2,3.44114932756058,-1.44114932756058,-0.120095777296715,-0.120095777296715,0.166666666666667,"Hudon, Charles","Hudon","Charles","L",1994-06-23,"F","F"
"6d76255c-3247-8cd9-1e45-d4543ce11e86",29,8,9.44586815786969,-1.44586815786969,-0.0498575226851618,-0.0498575226851618,0.275862068965517,"Hayden, John","Hayden","John","R",1995-02-14,"F","F"
"15e46e6c-821c-e6ae-dc28-f161cd626ca5",21,5,6.46920299750194,-1.46920299750194,-0.0699620475000922,-0.0699620475000922,0.238095238095238,"Brooks, Adam","Brooks","Adam","L",1996-05-06,"F","C"
"eae1ab79-80df-8541-6b6a-a86ae9097d08",20,5,6.47794666700295,-1.47794666700295,-0.0738973333501475,-0.0738973333501475,0.25,"Slaggert, Graham","Slaggert","Graham","L",1999-04-06,"F","C"
"be80e6a7-4664-2ddb-bcd5-cd4e5085e1b5",18,4,5.48133564115724,-1.48133564115724,-0.0822964245087356,-0.0822964245087356,0.222222222222222,"McGregor, Ryan","McGregor","Ryan","L",1999-01-29,"F","C"
"5f892ad5-e130-bc2e-c361-f6cfbd6bd692",24,6,7.48517150479801,-1.48517150479801,-0.0618821460332505,-0.0618821460332505,0.25,"Malatesta, James","Malatesta","James","L",2003-05-31,"F","LW"
"6b02137d-510a-65ed-24a8-c60dffebc9f3",16,3,4.49510307323731,-1.49510307323731,-0.0934439420773316,-0.0934439420773316,0.1875,"Giroux, Damien","Giroux","Damien","L",2000-03-03,"F","C"
"178c4dba-943e-4f43-64ea-51402c33f28d",25,6,7.54560379951416,-1.54560379951416,-0.0618241519805665,-0.0618241519805665,0.24,"Miroshnichenko, Ivan","Miroshnichenko","Ivan","R",2004-02-04,"F","LW"
"ff9b6097-e007-85c3-f8fb-f86935bcb875",34,9,10.5768109165109,-1.57681091651091,-0.0463767916620855,-0.0463767916620855,0.264705882352941,"Pettersen, Mathias Emilio","Pettersen","Mathias Emilio","L",2000-04-03,"F","LW"
"f4381702-541d-bbce-d4ad-9ada397f80ec",27,7,8.58428647438972,-1.58428647438972,-0.0586772768292489,-0.0586772768292489,0.259259259259259,"Cracknell, Adam","Cracknell","Adam","R",1985-07-15,"F","F"
"bc6177f1-4c3d-37fa-47dd-452cfcc446d1",11,2,3.59496981985178,-1.59496981985178,-0.144997256350162,-0.144997256350162,0.181818181818182,"Merkulov, Georgi","Merkulov","Georgi","L",2000-10-10,"F","LW"
"06aa1b16-e3ee-cce4-0a42-b0f70600c477",17,4,5.59650830749272,-1.59650830749272,-0.0939122533819247,-0.0939122533819247,0.235294117647059,"Laberge, Samuel","Laberge","Samuel","L",1997-04-10,"F","LW"
"adce8fef-8cdf-c45c-6d59-68ef391c977a",10,1,2.61311298576777,-1.61311298576777,-0.161311298576777,-0.161311298576777,0.1,"Kisakov, Alexander","Kisakov","Alexander","L",2002-11-01,"F","F"
"61b3f3d2-10b6-46fd-9416-8976a893ef23",17,3,4.62535855378105,-1.62535855378105,-0.0956093266930029,-0.0956093266930029,0.176470588235294,"Highmore, Matthew","Highmore","Matthew","L",1996-02-27,"F","C"
"bfcaa06a-42fc-68bf-aeb2-f26f3d6c02f7",18,4,5.65760248912014,-1.65760248912014,-0.0920890271733412,-0.0920890271733411,0.222222222222222,"Ibragimov, Timur","Ibragimov","Timur","L",2000-10-12,"F","LW"
"be354b10-f08f-a5cc-f750-17e7354be6d4",11,2,3.68491746231402,-1.68491746231402,-0.15317431475582,-0.15317431475582,0.181818181818182,"Pitlick, Tyler","Pitlick","Tyler","R",1991-11-01,"F","F"
"f3da2b72-e9b7-6d05-ee3e-834953f9f070",25,6,7.73400978221801,-1.73400978221801,-0.0693603912887204,-0.0693603912887204,0.24,"Marody, Cooper","Marody","Cooper","R",1996-12-20,"F","RW"
"0f052c34-6cd2-f4fd-a861-d9051a8e86e4",15,3,4.74087868352006,-1.74087868352006,-0.116058578901337,-0.116058578901337,0.2,"Angle, Tyler","Angle","Tyler","L",2000-09-30,"F","F"
"ab173ecf-50c8-bf70-2a27-3f32cb95d28f",19,4,5.76665693706742,-1.76665693706742,-0.0929819440561802,-0.0929819440561802,0.210526315789474,"Othmann, Brennan","Othmann","Brennan","L",2003-01-05,"F","F"
"1ba1e45d-14a5-3375-cbbe-45fc4ef4fe77",12,2,3.76940628399794,-1.76940628399794,-0.147450523666495,-0.147450523666495,0.166666666666667,"Stevens, Nolan","Stevens","Nolan","L",1996-07-22,"F","C"
"4152b475-2bfd-8f22-09a7-f721c76d1a90",15,3,4.78752636088287,-1.78752636088287,-0.119168424058858,-0.119168424058858,0.2,"Poulin, Samuel","Poulin","Samuel","L",2001-02-25,"F","C"
"08c60c80-c4d5-92b9-4f37-459db0d51fe9",41,12,13.7897502273604,-1.7897502273604,-0.0436524445697658,-0.0436524445697658,0.292682926829268,"Caulfield, Judd","Caulfield","Judd","R",2001-03-19,"F","RW"
"e8fea67a-8042-8fda-08b4-f058368fe357",22,4,5.80589179795215,-1.80589179795215,-0.0820859908160068,-0.0820859908160067,0.181818181818182,"Bolduc, Zachary","Bolduc","Zachary","L",2003-02-24,"F","RW"
"e850e12b-4214-353a-3bbe-aad41042acd5",20,4,5.81891000217048,-1.81891000217048,-0.0909455001085242,-0.0909455001085243,0.2,"Griffith, Seth","Griffith","Seth","R",1993-01-04,"F","LW"
"88e216a2-1386-7181-fda4-1819e8611ca5",15,3,4.83405547823748,-1.83405547823748,-0.122270365215832,-0.122270365215832,0.2,"Wise, Jake","Wise","Jake","L",2000-02-28,"F","F"
"5ce2531f-d048-1233-61ba-2fc6398d8ec3",21,4,5.85010970124939,-1.85010970124939,-0.0881004619642566,-0.0881004619642566,0.19047619047619,"Sgarbossa, Michael","Sgarbossa","Michael","L",1992-07-25,"F","C"
"d1a331a3-4e1a-510a-2fe8-8f36981fd3f4",13,2,3.86880162393487,-1.86880162393487,-0.143753971071913,-0.143753971071913,0.153846153846154,"Turcotte, Alex","Turcotte","Alex","L",2001-02-26,"F","C"
"e1386a3b-c1fb-9641-bb06-7ba06bb4d88c",15,3,4.87788784382284,-1.87788784382284,-0.125192522921523,-0.125192522921523,0.2,"Caggiula, Drake","Caggiula","Drake","L",1994-06-20,"F","LW"
"4eecd58b-a888-e165-9a1a-0d284825ae25",18,4,5.89050605445644,-1.89050605445644,-0.105028114136469,-0.105028114136469,0.222222222222222,"Kulich, Jiri","Kulich","Jiri","L",2004-04-14,"F","C"
"69aa4743-6d37-4847-9c9e-f55a0d888150",26,7,8.91673470734619,-1.91673470734619,-0.0737205656671612,-0.0737205656671612,0.269230769230769,"Weatherby, Jasper","Weatherby","Jasper","L",1998-01-22,"F","F"
"9daae941-4f95-c94c-baf7-a520ad42785f",33,9,10.9244880729743,-1.92448807297433,-0.0583178203931614,-0.0583178203931614,0.272727272727273,"Iskhakov, Ruslan","Iskhakov","Ruslan","L",2000-07-22,"F","F"
"89d6fd61-dc6a-4969-d01a-a672c177757f",26,6,7.93562763187437,-1.93562763187437,-0.0744472166105525,-0.0744472166105525,0.230769230769231,"Hughes, Cameron","Hughes","Cameron","L",1996-10-09,"F","F"
"3368d715-4eb3-12ac-5ca3-637be728e649",21,4,5.94054019535299,-1.94054019535299,-0.0924066759691899,-0.0924066759691899,0.19047619047619,"Comtois, Maxime","Comtois","Maxime","L",1999-01-08,"F","F"
"5ca139e0-c1ce-a588-4a40-483273d8754c",22,5,6.97498443556137,-1.97498443556137,-0.0897720197982439,-0.0897720197982439,0.227272727272727,"Smith, Nathan","Smith","Nathan","R",1998-10-19,"F","C"
"7356658c-38e1-ed2f-84ec-a3abbaceff57",27,7,9.00019850597188,-2.00019850597188,-0.0740814261471065,-0.0740814261471065,0.259259259259259,"MacEachern, MacKenzie","MacEachern","MacKenzie","L",1994-03-09,"F","LW"
"b1e9d040-a917-bccd-657f-2da715dce2a5",28,7,9.01123617592064,-2.01123617592064,-0.0718298634257372,-0.0718298634257372,0.25,"Madden, Tyler","Madden","Tyler","R",1999-11-09,"F","F"
"c904de64-762a-0721-4c8f-90dfc7fbf289",20,4,6.01865842427799,-2.01865842427799,-0.100932921213899,-0.100932921213899,0.2,"Lucchini, Jake","Lucchini","Jake","L",1995-05-09,"F","C"
"3d5bcc97-ee74-7ffb-a3c3-9bb7facf831f",13,2,4.03041063603097,-2.03041063603097,-0.156185433540844,-0.156185433540844,0.153846153846154,"Kirkland, Justin","Kirkland","Justin","L",1996-08-02,"F","C"
"cf47f181-03bc-cec7-23d8-23f407701653",14,2,4.04635986900386,-2.04635986900386,-0.146168562071704,-0.146168562071704,0.142857142857143,"Weissbach, Linus","Weissbach","Linus","L",1998-04-19,"F","LW"
"add71ad9-21c0-6eb3-ed18-205596e41672",11,1,3.05431047868152,-2.05431047868152,-0.186755498061956,-0.186755498061956,0.0909090909090909,"Puustinen, Valtteri","Puustinen","Valtteri","R",1999-06-04,"F","RW"
"5cee66d8-083a-7d7b-bf0f-b11fb30cbebb",18,5,7.05579727151689,-2.05579727151689,-0.114210959528716,-0.114210959528716,0.277777777777778,"Tracey, Brayden","Tracey","Brayden","L",2001-05-28,"F","RW"
"5c7cca9d-bfc2-3931-363d-daaebc4da409",15,2,4.06646133598646,-2.06646133598646,-0.137764089065764,-0.137764089065764,0.133333333333333,"Willman, Maxwell","Willman","Maxwell","L",1995-02-13,"F","LW"
"e01e67b9-2150-d1a5-ad6e-0588b64a281c",20,4,6.07202090140745,-2.07202090140745,-0.103601045070372,-0.103601045070372,0.2,"Lee, Andre","Lee","Andre","L",2000-07-26,"F","F"
"6d2cb984-e1e6-a715-26d2-93a528bb379b",15,2,4.08854795547335,-2.08854795547335,-0.13923653036489,-0.13923653036489,0.133333333333333,"Bjork, Anders","Bjork","Anders","L",1996-08-05,"F","LW"
"4a330c37-6650-01f9-b5c3-76e54ed5a565",23,5,7.12665799419491,-2.12665799419491,-0.0924633910519525,-0.0924633910519525,0.217391304347826,"Blumel, Matej","Blumel","Matej","L",2000-05-31,"F","F"
"c8faf786-d902-4a0e-cfdd-3326fa37b797",19,4,6.1278832163363,-2.1278832163363,-0.111993853491384,-0.111993853491384,0.210526315789474,"Burke, Cal","Burke","Cal","R",1997-03-19,"F","F"
"40f7ce41-67aa-9b1e-4629-14ea33e8799f",24,5,7.16639717192008,-2.16639717192008,-0.0902665488300035,-0.0902665488300035,0.208333333333333,"Cates, Jackson","Cates","Jackson","L",1997-09-26,"F","F"
"9b65e913-a13d-a05b-9427-55f8feacc295",26,6,8.21643472394752,-2.21643472394752,-0.0852474893825968,-0.0852474893825968,0.230769230769231,"Bitten, William","Bitten","William","R",1998-07-10,"F","F"
"0216a2f3-905b-a0cc-78d2-1ace22850834",38,10,12.228840888224,-2.22884088822395,-0.0586537075848409,-0.0586537075848409,0.263157894736842,"Richard, Anthony","Richard","Anthony","L",1996-12-20,"F","LW"
"ee133fc2-90e8-4f9f-b9da-0150fd7acd75",33,8,10.2646637052705,-2.2646637052705,-0.0686261728869849,-0.0686261728869849,0.242424242424242,"Doan, Josh","Doan","Josh","R",2002-02-01,"F","RW"
"f9495ec1-9ceb-683b-3649-a79f99f3622d",20,4,6.32427756649466,-2.32427756649466,-0.116213878324733,-0.116213878324733,0.2,"Perlini, Brendan","Perlini","Brendan","L",1996-04-27,"F","RW"
"3a3be5e0-324a-1af9-5d4c-39b304b8d17d",42,12,14.3448458356967,-2.34484583569671,-0.0558296627546837,-0.0558296627546837,0.285714285714286,"Hebig, Cameron","Hebig","Cameron","R",1997-01-21,"F","C"
"bc2abfcb-4444-082a-2f24-73a1a10338f5",28,7,9.35305572932607,-2.35305572932607,-0.0840377046187884,-0.0840377046187884,0.25,"Biro, Brandon","Biro","Brandon","L",1998-03-11,"F","F"
"31afd5bc-827c-9211-5784-f7a96764b140",21,5,7.36084354862449,-2.36084354862449,-0.112421121363071,-0.112421121363071,0.238095238095238,"Rondbjerg, Jonas","Rondbjerg","Jonas","L",1999-03-31,"F","F"
"a89675de-e91c-1bde-8b0b-ba8780b2295c",29,7,9.3893839966494,-2.3893839966494,-0.0823925516086001,-0.0823925516086001,0.241379310344828,"Brazeau, Justin","Brazeau","Justin","R",1998-02-02,"F","RW"
"95faf17f-eeab-555e-2e51-7af990402dc6",20,4,6.39753300483278,-2.39753300483278,-0.119876650241639,-0.119876650241639,0.2,"Samoskevich, Mackie","Samoskevich","Mackie","R",2002-11-15,"F","RW"
"cb92f717-6ee3-40c7-6ac2-daeb4eb54954",29,7,9.43540303476424,-2.43540303476424,-0.0839794149918702,-0.0839794149918702,0.241379310344828,"Bains, Arshdeep","Bains","Arshdeep","L",2001-01-09,"F","LW"
"9692be3e-1840-be44-346f-17fd56755724",16,2,4.44815670297612,-2.44815670297612,-0.153009793936008,-0.153009793936008,0.125,"Henman, Luke","Henman","Luke","L",2000-04-29,"F","F"
"967b2a1b-5b32-53aa-97e0-344f226f85dc",12,1,3.48327874947553,-2.48327874947553,-0.206939895789627,-0.206939895789627,0.0833333333333333,"Smejkal, Jiri","Smejkal","Jiri","L",1996-11-05,"F","F"
"2dc963e5-038d-5671-aa35-9c6e6edec835",20,4,6.52705744108929,-2.52705744108929,-0.126352872054465,-0.126352872054465,0.2,"Brisson, Brendan","Brisson","Brendan","L",2001-10-22,"F","F"
"8f7c6f8d-3bdb-a0bb-1ec6-89d287eacff5",43,11,13.5279925154657,-2.52799251546573,-0.0587905236154821,-0.058790523615482,0.255813953488372,"Lambert, Brad","Lambert","Brad","R",2003-12-19,"F","F"
"06813969-3aca-1417-ec01-0de8fb823a64",29,7,9.54345560469732,-2.54345560469732,-0.087705365679218,-0.087705365679218,0.241379310344828,"Benson, Tyler","Benson","Tyler","L",1998-03-15,"F","RW"
"e4245dd4-69d2-7fa5-6473-a4f26787eed9",30,7,9.58591143679558,-2.58591143679558,-0.086197047893186,-0.0861970478931859,0.233333333333333,"Jobst, Mason","Jobst","Mason","L",1994-02-17,"F","C"
"8db09dda-0ac0-252d-5cca-f2178f63ee43",19,3,5.58898868553158,-2.58898868553158,-0.136262562396399,-0.136262562396399,0.157894736842105,"Thompson, Tyce","Thompson","Tyce","R",1999-07-12,"F","F"
"0e547df4-db0d-2b34-7e18-2ad196cc9192",21,4,6.58993678078583,-2.58993678078583,-0.123330322894563,-0.123330322894563,0.19047619047619,"Brown, Patrick","Brown","Patrick","R",1992-05-29,"F","C"
"3aa7c517-7091-0133-341a-3abc7d3a674f",26,6,8.6328664928634,-2.6328664928634,-0.101264095879361,-0.101264095879361,0.230769230769231,"McKenzie, Curtis","McKenzie","Curtis","L",1991-02-22,"F","LW"
"b9f1b352-9b5d-ada7-2fc9-1ce3ed96cfa1",12,1,3.64057945660126,-2.64057945660126,-0.220048288050105,-0.220048288050105,0.0833333333333333,"McPhee, Graham","McPhee","Graham","L",1998-07-24,"F","LW"
"6845c1eb-216d-4366-cda0-d3c220357faf",14,2,4.65402144994341,-2.65402144994341,-0.189572960710243,-0.189572960710243,0.142857142857143,"Del Bel Belluz, Luca","Del Bel Belluz","Luca","L",2003-11-10,"F","C"
"d1070fa3-193d-812d-061f-555825538779",14,2,4.67681268101741,-2.67681268101741,-0.191200905786958,-0.191200905786958,0.142857142857143,"Poturalski, Andrew","Poturalski","Andrew","R",1994-01-14,"F","F"
"48ab1f72-0e6e-a7c9-0c5d-a978d9ace0fc",25,5,7.71868424410053,-2.71868424410053,-0.108747369764021,-0.108747369764021,0.2,"Abramov, Mikhail","Abramov","Mikhail","L",2001-03-26,"F","F"
"e69dd394-c120-c096-00ba-2db135c0a1b1",35,10,12.7293452717037,-2.72934527170367,-0.0779812934772476,-0.0779812934772476,0.285714285714286,"Dube, Pierrick","Dube","Pierrick","R",2001-01-07,"F","RW"
"34f46eb8-532d-889d-33f8-51b226bd083d",28,6,8.73208621007454,-2.73208621007454,-0.097574507502662,-0.097574507502662,0.214285714285714,"Vecchione, Mike","Vecchione","Mike","R",1993-02-25,"F","F"
"6488121e-ed37-2c24-34b7-84a6b947486c",23,4,6.82736050894491,-2.82736050894491,-0.122928717780213,-0.122928717780213,0.173913043478261,"Carroll, Joe","Carroll","Joe","L",2001-02-01,"F","LW"
"facc5b54-f018-45c4-6044-abe2eba5d33a",27,5,7.92939268783452,-2.92939268783452,-0.108496025475353,-0.108496025475353,0.185185185185185,"Ponomarev, Vasiliy","Ponomarev","Vasiliy","L",2002-03-13,"F","C"
"c2ac142e-72a6-58c2-9f0a-acc2ae622a90",28,6,8.99244504577114,-2.99244504577114,-0.106873037348969,-0.106873037348969,0.214285714285714,"Agozzino, Andrew","Agozzino","Andrew","L",1991-01-03,"F","C"
"eeb81509-6a0d-5320-8d5a-2c1e58d83af5",18,3,6.02049168606219,-3.02049168606219,-0.167805093670122,-0.167805093670122,0.166666666666667,"Lycksell, Olle","Lycksell","Olle","L",1999-08-24,"F","RW"
"9ef6d4ec-63a9-9da3-2580-cc0bfca09b47",33,7,10.1695600642968,-3.16956006429677,-0.0960472746756596,-0.0960472746756596,0.212121212121212,"Malone, Brad","Malone","Brad","L",1989-05-20,"F","C"
"c4ebf006-49c8-4653-9f36-08b55190b8b2",28,5,8.18042216885722,-3.18042216885722,-0.113586506030615,-0.113586506030615,0.178571428571429,"Dufour, William","Dufour","William","R",2002-01-28,"F","F"
"3c97dc1d-a952-5220-56df-de7a5c64c208",33,7,10.2264799170451,-3.22647991704513,-0.0977721186983372,-0.0977721186983372,0.212121212121212,"Mcging, Hugh","Mcging","Hugh","L",1998-07-11,"F","F"
"af6ab9b3-a019-9b82-fa37-120d97e9f0b6",26,6,9.24674189461079,-3.24674189461079,-0.124874688254261,-0.124874688254261,0.230769230769231,"Coronato, Matthew","Coronato","Matthew","R",2002-11-14,"F","RW"
"c0cc293f-af8f-d0d6-d86a-65f9e3ad1df1",29,5,8.27666220031519,-3.27666220031519,-0.112988351735007,-0.112988351735006,0.172413793103448,"Damiani, Riley","Damiani","Riley","R",2000-03-20,"F","F"
"23976a10-6bbf-0e35-6025-abd653ad2dd6",46,11,14.2817108668348,-3.28171086683479,-0.0713415405833649,-0.0713415405833649,0.239130434782609,"Raty, Aatu","Raty","Aatu","L",2002-11-14,"F","C"
"7f835c52-5af6-f4e1-eff4-ebe21be0a4bb",22,4,7.2957202367578,-3.2957202367578,-0.149805465307173,-0.149805465307173,0.181818181818182,"Denisenko, Grigori","Denisenko","Grigori","R",2000-06-24,"F","F"
"f01b2f76-df10-daf6-f8e2-f2a3968f6d64",18,2,5.33797538247502,-3.33797538247502,-0.185443076804168,-0.185443076804168,0.111111111111111,"Dalpe, Zac","Dalpe","Zac","R",1989-11-01,"F","C"
"47ec1584-2245-2836-a706-e0835ffee601",18,2,5.38020336359551,-3.38020336359551,-0.187789075755306,-0.187789075755306,0.111111111111111,"Andersson, Lias","Andersson","Lias","L",1998-10-13,"F","C"
"a6be81da-fbf0-100c-170a-9db635d86749",49,12,15.5238596526279,-3.52385965262788,-0.0719155031148547,-0.0719155031148547,0.244897959183673,"Morelli, Mason","Morelli","Mason","L",1996-02-01,"F","F"
"4772aa22-208f-44a0-8e47-0029da368b48",35,7,10.5703555920057,-3.57035559200571,-0.102010159771592,-0.102010159771592,0.2,"Kasper, Marco","Kasper","Marco","L",2004-04-08,"F","C"
"94c58fec-e597-77fa-ea7c-b64e8dec79d8",37,8,11.6663739447846,-3.66637394478465,-0.0990911876968824,-0.0990911876968824,0.216216216216216,"Froese, Byron","Froese","Byron","R",1991-03-12,"F","F"
"499a866c-4e2f-75cc-4453-3765b766e0f0",29,4,7.82977276956107,-3.82977276956107,-0.132061129984865,-0.132061129984865,0.137931034482759,"Thomas, Akil","Thomas","Akil","R",2000-01-02,"F","F"
"2622a685-e219-c5e7-e7f1-d413e86d75cc",22,3,6.83485735752509,-3.83485735752509,-0.174311698069322,-0.174311698069322,0.136363636363636,"Pitlick, Rem","Pitlick","Rem","L",1997-04-02,"F","LW"
"3009ca76-0ff6-9da5-c8b6-6fd357f7a7e1",29,4,8.09227846842871,-4.09227846842871,-0.141113050635473,-0.141113050635473,0.137931034482759,"McLaughlin, Marc","McLaughlin","Marc","R",1999-07-26,"F","F"
"5cfb433e-f489-5965-e0f1-6ccb5d7a2b2c",30,5,9.31656700650864,-4.31656700650864,-0.143885566883621,-0.143885566883621,0.166666666666667,"Nikkanen, Henri","Nikkanen","Henri","L",2001-04-28,"F","C"
"5d88c997-487b-2fcb-c49f-64757c86548e",25,3,7.33632036990441,-4.33632036990441,-0.173452814796176,-0.173452814796176,0.12,"Dries, Sheldon","Dries","Sheldon","L",1994-04-23,"F","C"
"0ca4f9ef-7e7a-d691-6e1c-16d394e84bfe",25,3,7.48681876155755,-4.48681876155755,-0.179472750462302,-0.179472750462302,0.12,"Baddock, Brandon","Baddock","Brandon","L",1995-03-29,"F","LW"
"d9161211-1630-84bf-6d4d-423ce053cd83",41,7,12.215395986652,-5.21539598665196,-0.127204780162243,-0.127204780162243,0.170731707317073,"Abruzzese, Nicholas","Abruzzese","Nicholas","L",1999-06-04,"F","LW"
"1b0ec3d0-fbd0-112f-f859-6c6696f55dee",36,4,10.4011492864882,-6.4011492864882,-0.17780970240245,-0.17780970240245,0.111111111111111,"Beckman, Adam","Beckman","Adam","L",2001-05-10,"F","LW"
